,ddG(FoldX)
26 PHE,0.420087
26 LEU,1.11536
26 ILE,1.40584
26 MET,0.556476
26 VAL,0.916516
26 SER,0.0282752
26 PRO,-0.00508372
26 THR,1.17372
26 ALA,0.0364649
26 TYR,0.667812
26 GLN,1.21733
26 ASN,0.427942
26 LYS,0.740459
26 ASP,0.507612
26 GLU,0.892175
26 CYS,1.00431
26 TRP,0.995534
26 ARG,0.765231
26 GLY,0.692872
27 PHE,0.671204
27 LEU,0.855319
27 ILE,0.989829
27 MET,0.632648
27 VAL,1.48467
27 SER,1.71994
27 THR,1.63241
27 ALA,0.960447
27 TYR,0.781373
27 HIS,1.71493
27 GLN,0.887115
27 ASN,1.62726
27 LYS,0.87677
27 ASP,1.375
27 GLU,0.598272
27 CYS,1.54166
27 TRP,0.800433
27 ARG,1.10949
27 GLY,1.64535
28 PHE,1.03089
28 LEU,0.0677585
28 ILE,0.773901
28 MET,-0.0292101
28 VAL,1.0846
28 SER,1.0241
28 PRO,0.801822
28 THR,1.53089
28 ALA,0.572214
28 TYR,0.992992
28 HIS,0.595199
28 GLN,0.0785826
28 ASN,0.674295
28 LYS,0.226642
28 ASP,-0.443324
28 CYS,1.25231
28 TRP,0.742483
28 ARG,1.0412
28 GLY,1.03854
29 PHE,9.153
29 LEU,-0.0610152
29 ILE,-2.086
29 MET,-0.0777905
29 VAL,-1.57812
29 SER,1.46107
29 PRO,0.844392
29 ALA,0.488501
29 TYR,12.3528
29 HIS,11.3329
29 GLN,0.448707
29 ASN,0.311842
29 LYS,0.752303
29 ASP,0.930916
29 GLU,2.96494
29 CYS,0.571981
29 TRP,11.9372
29 ARG,5.17341
29 GLY,2.17393
30 PHE,5.30338
30 ILE,-0.403881
30 MET,-0.0207303
30 VAL,0.347081
30 SER,1.02695
30 PRO,1.43514
30 THR,1.15767
30 ALA,1.05338
30 TYR,1.70932
30 HIS,0.545274
30 GLN,0.806025
30 ASN,1.53998
30 LYS,0.940094
30 ASP,1.69661
30 GLU,0.667487
30 CYS,1.43936
30 TRP,1.05217
30 ARG,0.356054
30 GLY,1.90727
31 PHE,-0.352443
31 LEU,-0.384764
31 ILE,-0.359426
31 MET,-0.477204
31 SER,0.242053
31 PRO,0.846965
31 THR,-0.327962
31 ALA,-0.143174
31 TYR,-0.254434
31 HIS,-0.153867
31 GLN,-0.657734
31 ASN,0.0210386
31 LYS,-0.239762
31 ASP,-0.0485425
31 GLU,-0.427808
31 CYS,0.181033
31 TRP,-0.436446
31 ARG,-0.374257
31 GLY,0.43566
32 PHE,0.123675
32 LEU,-0.122766
32 ILE,0.0520126
32 MET,-0.905966
32 VAL,0.0863624
32 SER,1.48979
32 PRO,2.69789
32 THR,0.904664
32 ALA,0.957672
32 TYR,0.549219
32 HIS,0.994645
32 GLN,0.222649
32 ASN,1.8471
32 ASP,2.22098
32 GLU,1.39417
32 CYS,1.22288
32 TRP,0.485993
32 ARG,-1.88322
32 GLY,2.20861
33 PHE,8.8206
33 LEU,1.12973
33 ILE,-0.151595
33 MET,2.20864
33 SER,3.51351
33 PRO,5.4071
33 THR,1.52065
33 ALA,2.97762
33 TYR,15.1394
33 HIS,9.72214
33 GLN,5.51122
33 ASN,2.46546
33 LYS,9.48916
33 ASP,4.76215
33 GLU,4.18827
33 CYS,1.83149
33 TRP,14.6778
33 ARG,4.89032
33 GLY,4.74984
34 PHE,0.289285
34 LEU,-0.0947027
34 ILE,-0.382345
34 MET,-0.569322
34 VAL,0.619772
34 SER,0.387275
34 PRO,3.71986
34 THR,0.191852
34 ALA,0.404024
34 TYR,0.405023
34 HIS,0.697883
34 GLN,0.241467
34 ASN,0.987381
34 ASP,1.11297
34 GLU,0.0999136
34 CYS,1.14903
34 TRP,0.677467
34 ARG,0.0346529
34 GLY,1.38553
35 PHE,-0.557852
35 LEU,-0.938685
35 ILE,-0.632187
35 MET,-0.719908
35 VAL,-0.0723324
35 SER,-1.08355
35 PRO,2.30143
35 THR,-0.59358
35 ALA,-0.450863
35 TYR,-0.483541
35 HIS,-0.309282
35 GLN,-0.448016
35 ASN,-0.48286
35 LYS,-0.623695
35 GLU,-0.352017
35 CYS,0.31763
35 TRP,-0.480599
35 ARG,0.0292636
35 GLY,0.583875
36 PHE,7.54256
36 LEU,0.482414
36 ILE,1.472
36 MET,-1.55484
36 VAL,-1.08966
36 SER,0.807626
36 PRO,6.86632
36 THR,-0.363611
36 TYR,9.27486
36 HIS,9.44209
36 GLN,2.73241
36 ASN,3.08502
36 LYS,1.70024
36 ASP,5.95779
36 GLU,3.66105
36 CYS,1.00391
36 TRP,8.22241
36 ARG,3.76175
36 GLY,2.04717
37 PHE,7.45618
37 LEU,2.45242
37 ILE,3.21383
37 MET,2.19604
37 VAL,2.99941
37 SER,3.62766
37 PRO,6.34972
37 THR,3.08414
37 ALA,3.05212
37 TYR,5.862
37 HIS,5.87127
37 GLN,2.95773
37 ASN,4.53918
37 LYS,3.98259
37 ASP,5.33311
37 CYS,3.48336
37 TRP,6.05748
37 ARG,4.38558
37 GLY,3.99919
38 PHE,-1.45459
38 LEU,-1.52835
38 ILE,-1.4196
38 MET,-1.24851
38 VAL,-0.633435
38 SER,-0.047705
38 PRO,1.81319
38 THR,-0.245293
38 ALA,-0.801117
38 TYR,-1.28824
38 HIS,-0.475905
38 GLN,-1.11711
38 ASN,-0.229967
38 LYS,-1.17104
38 GLU,-0.72011
38 CYS,-0.142573
38 TRP,-1.06748
38 ARG,-1.53609
38 GLY,-0.123981
39 PHE,-1.75712
39 LEU,-0.265683
39 ILE,0.46341
39 MET,-1.03621
39 VAL,0.576948
39 SER,0.936749
39 PRO,4.85696
39 THR,1.04051
39 ALA,0.428049
39 TYR,-1.93318
39 HIS,0.941533
39 ASN,0.446187
39 LYS,0.0307126
39 ASP,1.71462
39 GLU,0.89655
39 CYS,1.02885
39 TRP,1.15635
39 ARG,-0.0966497
39 GLY,1.41315
40 PHE,8.68851
40 ILE,1.09474
40 MET,-0.0995873
40 VAL,1.41649
40 SER,2.83624
40 PRO,5.71904
40 THR,2.84278
40 ALA,2.60738
40 TYR,15.8999
40 HIS,5.12852
40 GLN,1.51594
40 ASN,2.29587
40 LYS,1.39494
40 ASP,4.44913
40 GLU,3.77847
40 CYS,2.17434
40 TRP,10.1065
40 ARG,3.68557
40 GLY,3.42849
41 PHE,1.52631
41 LEU,1.84731
41 ILE,3.10288
41 MET,2.48805
41 VAL,2.99686
41 SER,1.98359
41 PRO,7.38331
41 THR,3.06409
41 ALA,1.99913
41 TYR,1.71526
41 HIS,-0.980124
41 GLN,0.983237
41 ASN,0.827199
41 LYS,-1.22703
41 ASP,2.68109
41 GLU,2.50952
41 CYS,1.7965
41 TRP,2.62935
41 ARG,0.0138318
42 PHE,19.1542
42 LEU,5.60584
42 ILE,7.56445
42 MET,7.78052
42 VAL,3.71896
42 SER,1.62202
42 PRO,7.51176
42 THR,2.53262
42 TYR,21.0905
42 HIS,15.426
42 GLN,9.71081
42 ASN,1.85775
42 LYS,11.102
42 ASP,6.26712
42 GLU,3.83587
42 CYS,1.19607
42 TRP,30.7064
42 ARG,13.6071
42 GLY,0.788199
43 PHE,0.39051
43 LEU,0.318954
43 ILE,0.417586
43 MET,0.354014
43 VAL,0.439194
43 SER,0.683043
43 PRO,-0.526709
43 THR,1.43438
43 ALA,0.193222
43 TYR,0.415175
43 HIS,0.346515
43 GLN,0.62817
43 ASN,0.801623
43 LYS,0.416931
43 ASP,1.02373
43 GLU,0.530186
43 CYS,0.635498
43 TRP,0.654826
43 GLY,0.756761
44 PHE,-1.55043
44 LEU,0.07429
44 ILE,-0.146274
44 MET,-0.158147
44 SER,4.01486
44 PRO,6.94115
44 THR,2.39761
44 ALA,2.89152
44 TYR,2.30221
44 HIS,8.19907
44 GLN,3.01761
44 ASN,2.61319
44 LYS,2.55342
44 ASP,2.80362
44 GLU,4.60303
44 CYS,2.31304
44 TRP,3.05808
44 ARG,5.48212
44 GLY,4.93307
45 PHE,35.2552
45 LEU,13.9765
45 ILE,12.1309
45 MET,14.7574
45 VAL,6.31714
45 SER,2.74555
45 PRO,13.0391
45 THR,5.43068
45 ALA,1.00428
45 TYR,30.2605
45 HIS,19.1097
45 GLN,14.2048
45 ASN,7.78362
45 LYS,23.1898
45 ASP,9.15377
45 GLU,12.5486
45 CYS,4.52024
45 TRP,42.3707
45 ARG,27.5427
46 PHE,0.956221
46 LEU,3.24752
46 ILE,4.11185
46 MET,2.62404
46 VAL,3.00364
46 SER,6.15749
46 PRO,11.1164
46 THR,5.08093
46 ALA,6.12344
46 HIS,4.27636
46 GLN,6.03736
46 ASN,6.48875
46 LYS,4.82247
46 ASP,8.10649
46 GLU,7.56703
46 CYS,5.06782
46 TRP,5.55667
46 ARG,5.62981
46 GLY,7.6104
47 PHE,12.1045
47 LEU,0.246952
47 MET,1.33575
47 VAL,0.743349
47 SER,2.91723
47 PRO,5.91907
47 THR,2.09698
47 ALA,3.05914
47 TYR,10.6476
47 HIS,10.4779
47 GLN,3.76133
47 ASN,4.15202
47 LYS,3.90276
47 ASP,5.37001
47 GLU,4.87888
47 CYS,2.30759
47 TRP,17.2847
47 ARG,5.50864
47 GLY,4.39998
48 PHE,-1.13468
48 LEU,-1.33043
48 ILE,1.05042
48 MET,-1.82856
48 VAL,1.59271
48 SER,1.75044
48 PRO,7.64976
48 THR,0.783912
48 ALA,1.79198
48 TYR,1.13347
48 HIS,0.854622
48 GLN,1.44026
48 ASN,2.60584
48 LYS,1.10758
48 ASP,1.4249
48 CYS,1.53231
48 TRP,-1.78286
48 ARG,0.342392
48 GLY,4.16507
49 PHE,7.6914
49 ILE,1.84726
49 MET,0.74225
49 VAL,0.594515
49 SER,4.52482
49 PRO,6.54193
49 THR,2.81177
49 ALA,3.19821
49 TYR,6.72639
49 HIS,5.20423
49 GLN,2.94694
49 ASN,3.4994
49 LYS,1.80363
49 ASP,6.12265
49 GLU,4.74058
49 CYS,2.86022
49 TRP,9.11629
49 ARG,4.13832
49 GLY,5.30699
50 PHE,0.138794
50 LEU,-0.470406
50 ILE,0.820936
50 MET,-0.0181061
50 VAL,0.973894
50 SER,0.812139
50 PRO,4.3901
50 THR,2.55424
50 ALA,0.674762
50 TYR,0.374887
50 HIS,0.723406
50 GLN,0.596588
50 ASN,0.658681
50 LYS,0.417712
50 GLU,0.540417
50 CYS,0.75926
50 TRP,0.790114
50 ARG,0.6529
50 GLY,2.18261
51 PHE,2.39677
51 ILE,1.18298
51 MET,-0.280018
51 VAL,2.00888
51 SER,4.3576
51 PRO,8.77148
51 THR,3.85706
51 ALA,2.95515
51 TYR,4.75727
51 HIS,2.7632
51 GLN,2.96515
51 ASN,3.85322
51 LYS,1.75665
51 ASP,4.47314
51 GLU,3.44999
51 CYS,3.04425
51 TRP,2.96519
51 ARG,2.93551
51 GLY,4.52568
52 PHE,-0.499388
52 LEU,-0.255456
52 ILE,-0.635042
52 MET,-1.02433
52 VAL,0.0274027
52 SER,-0.553669
52 PRO,0.239736
52 THR,-0.509768
52 ALA,0.341049
52 TYR,-1.154
52 HIS,-0.60811
52 GLN,-0.204384
52 LYS,-0.77036
52 ASP,0.0804724
52 GLU,-0.477285
52 CYS,0.497791
52 TRP,-1.24815
52 ARG,-1.07454
52 GLY,0.0307098
53 PHE,0.217764
53 LEU,-0.184662
53 ILE,0.91518
53 MET,1.39292
53 VAL,1.25789
53 PRO,2.44385
53 THR,0.78777
53 ALA,1.19178
53 TYR,-0.358329
53 HIS,0.632031
53 GLN,0.539594
53 ASN,0.222735
53 LYS,-0.172038
53 ASP,1.42997
53 GLU,0.498177
53 CYS,1.49988
53 TRP,2.02411
53 ARG,0.0218879
53 GLY,0.879101
54 PHE,3.01295
54 LEU,2.23172
54 ILE,4.57785
54 MET,2.17865
54 VAL,5.30408
54 SER,3.44227
54 PRO,7.30778
54 THR,3.99996
54 ALA,2.90064
54 TYR,3.43425
54 HIS,2.37836
54 GLN,2.58183
54 ASN,2.72501
54 LYS,2.27086
54 ASP,3.28599
54 GLU,2.13567
54 CYS,2.90768
54 TRP,3.84368
54 ARG,2.54701
55 PHE,0.195143
55 LEU,-0.0211289
55 ILE,0.651264
55 MET,0.119156
55 VAL,0.767329
55 SER,1.10257
55 PRO,3.57238
55 THR,0.971413
55 ALA,0.714024
55 TYR,0.278415
55 HIS,0.781906
55 GLN,0.409231
55 ASN,0.723275
55 ASP,0.917929
55 GLU,0.779173
55 CYS,0.845713
55 TRP,0.595447
55 ARG,-0.154406
55 GLY,1.58387
56 PHE,-0.242815
56 LEU,0.122942
56 MET,-0.206549
56 VAL,1.05257
56 SER,2.28901
56 PRO,1.47213
56 THR,1.25565
56 ALA,1.98961
56 TYR,0.423961
56 HIS,1.47394
56 GLN,0.959276
56 ASN,1.84803
56 LYS,0.463902
56 ASP,1.97804
56 GLU,1.53139
56 CYS,1.30025
56 TRP,0.524562
56 ARG,0.892852
56 GLY,2.57873
57 PHE,0.438312
57 ILE,0.143998
57 MET,0.198449
57 VAL,1.34534
57 SER,2.03048
57 PRO,5.28477
57 THR,1.77651
57 ALA,1.49716
57 TYR,1.56556
57 HIS,2.01439
57 GLN,1.89745
57 ASN,2.23363
57 LYS,1.21128
57 ASP,2.65497
57 GLU,2.03098
57 CYS,1.51013
57 TRP,1.67131
57 ARG,1.18912
57 GLY,2.30089
58 PHE,5.43299
58 LEU,-2.48674
58 ILE,-0.965994
58 MET,-1.66277
58 VAL,-0.620942
58 SER,-0.724602
58 PRO,2.62937
58 THR,-0.926494
58 ALA,-0.931525
58 TYR,6.32172
58 HIS,3.98216
58 GLN,-0.243182
58 ASN,-0.255025
58 LYS,-0.422396
58 ASP,0.868118
58 CYS,-0.736174
58 TRP,5.39775
58 ARG,0.0419266
58 GLY,-0.512008
59 PHE,-1.02062
59 LEU,-1.41557
59 ILE,0.168767
59 MET,-1.68033
59 VAL,-0.131755
59 PRO,0.737295
59 THR,0.789094
59 ALA,-0.385423
59 TYR,-0.964227
59 HIS,-0.413713
59 GLN,-0.813398
59 ASN,0.0571948
59 LYS,-1.21229
59 ASP,0.398416
59 GLU,-0.27349
59 CYS,-0.41925
59 TRP,-1.08192
59 ARG,-1.17034
59 GLY,0.357022
60 LEU,0.762446
60 ILE,2.65043
60 MET,0.439214
60 VAL,1.9929
60 SER,2.99469
60 PRO,7.11337
60 THR,4.33095
60 ALA,3.01174
60 TYR,1.03337
60 HIS,0.617458
60 GLN,3.22507
60 ASN,1.73765
60 LYS,2.14346
60 ASP,3.69808
60 GLU,3.23893
60 CYS,1.95133
60 TRP,1.99676
60 ARG,3.01142
60 GLY,4.93001
61 PHE,0.555605
61 LEU,1.27147
61 ILE,3.59328
61 MET,1.61231
61 VAL,3.24283
61 SER,3.53818
61 PRO,8.8759
61 THR,4.92011
61 ALA,2.88748
61 TYR,1.06848
61 HIS,0.89184
61 GLN,2.39496
61 ASN,1.36137
61 LYS,1.4035
61 ASP,3.62139
61 GLU,2.91882
61 CYS,2.10423
61 TRP,2.6187
61 GLY,3.01569
62 PHE,3.0263
62 LEU,1.25072
62 ILE,3.17461
62 MET,0.806682
62 VAL,2.38004
62 SER,3.00275
62 THR,3.23126
62 ALA,1.8384
62 TYR,2.24354
62 HIS,3.59856
62 GLN,1.76852
62 ASN,2.53462
62 LYS,1.13095
62 ASP,3.15042
62 GLU,1.76879
62 CYS,2.61941
62 TRP,3.13302
62 ARG,1.47174
62 GLY,3.02682
63 PHE,-0.887787
63 LEU,-0.568383
63 ILE,0.168264
63 MET,-1.09393
63 VAL,0.116855
63 SER,1.16819
63 PRO,2.99229
63 THR,0.498337
63 ALA,0.470345
63 TYR,-0.799581
63 HIS,0.0270174
63 GLN,-0.0120184
63 ASN,0.0605488
63 LYS,-0.379858
63 ASP,0.345927
63 CYS,0.295396
63 TRP,-0.766327
63 ARG,0.00938327
63 GLY,1.11396
64 PHE,0.263336
64 LEU,-0.150283
64 ILE,0.4526
64 MET,0.00755208
64 VAL,0.788172
64 SER,1.52048
64 PRO,1.937
64 THR,1.19689
64 ALA,0.88169
64 TYR,0.425799
64 HIS,1.33764
64 GLN,-0.162284
64 ASN,1.28192
64 LYS,0.710835
64 ASP,0.841846
64 CYS,0.981909
64 TRP,0.196831
64 ARG,0.84109
64 GLY,1.51046
65 PHE,2.18781
65 LEU,1.57703
65 ILE,2.50715
65 MET,0.983709
65 VAL,3.11955
65 SER,3.96464
65 PRO,2.17469
65 THR,3.47448
65 ALA,3.77125
65 TYR,1.89271
65 HIS,2.91371
65 GLN,2.67353
65 ASN,3.14567
65 LYS,2.1671
65 ASP,5.11634
65 GLU,2.54199
65 CYS,3.15537
65 TRP,2.50563
65 GLY,4.51399
66 LEU,1.3661
66 ILE,2.6162
66 MET,0.800682
66 VAL,2.44682
66 SER,3.90988
66 PRO,6.56772
66 THR,4.34035
66 ALA,3.75356
66 TYR,1.29096
66 HIS,2.92502
66 GLN,4.64951
66 ASN,4.46719
66 LYS,2.82543
66 ASP,4.78629
66 GLU,4.45471
66 CYS,3.65543
66 TRP,3.12586
66 ARG,5.58026
66 GLY,5.04989
67 PHE,4.22701
67 LEU,1.40409
67 ILE,1.49075
67 MET,1.97419
67 VAL,1.46489
67 SER,4.41868
67 THR,3.39472
67 ALA,2.64903
67 TYR,5.14312
67 HIS,7.62472
67 GLN,3.52297
67 ASN,2.54533
67 LYS,2.90584
67 ASP,3.46868
67 GLU,1.99351
67 CYS,2.40463
67 TRP,7.42154
67 ARG,6.22158
67 GLY,3.83355
68 PHE,12.2602
68 LEU,0.178703
68 ILE,1.33483
68 VAL,1.8104
68 SER,3.88343
68 PRO,5.93164
68 THR,2.658
68 ALA,3.03508
68 TYR,14.7091
68 HIS,6.75954
68 GLN,2.92218
68 ASN,4.89699
68 LYS,2.4821
68 ASP,5.67946
68 GLU,4.97361
68 CYS,3.40686
68 TRP,13.7161
68 ARG,3.82595
68 GLY,4.59335
69 PHE,6.89167
69 LEU,0.861763
69 ILE,3.64572
69 VAL,4.26666
69 SER,2.11313
69 PRO,6.88625
69 THR,3.28356
69 ALA,2.40267
69 TYR,6.05652
69 HIS,6.8793
69 GLN,5.10605
69 ASN,1.90026
69 LYS,2.9547
69 ASP,3.34664
69 GLU,4.07439
69 CYS,2.61931
69 TRP,10.2989
69 ARG,8.43612
69 GLY,1.34578
70 PHE,0.308989
70 LEU,2.32957
70 ILE,5.89577
70 MET,1.06993
70 VAL,3.53621
70 PRO,-0.427969
70 THR,3.14091
70 ALA,-0.0645259
70 TYR,0.439295
70 HIS,1.9949
70 GLN,0.756268
70 ASN,1.25185
70 LYS,2.52227
70 ASP,1.02425
70 GLU,-0.247534
70 CYS,1.39466
70 TRP,0.645462
70 ARG,1.83091
70 GLY,1.20948
71 PHE,21.3995
71 LEU,1.16228
71 ILE,4.12927
71 MET,4.17139
71 VAL,2.4833
71 SER,1.86866
71 PRO,2.95673
71 ALA,2.62032
71 TYR,29.0877
71 HIS,10.3802
71 GLN,4.86523
71 ASN,3.99543
71 LYS,13.1908
71 ASP,4.46753
71 GLU,4.37027
71 CYS,2.05654
71 TRP,42.006
71 ARG,19.0061
71 GLY,4.34372
72 LEU,1.49311
72 ILE,1.56554
72 MET,0.961471
72 VAL,1.86143
72 SER,4.93713
72 PRO,8.93965
72 THR,4.02265
72 ALA,3.48633
72 TYR,1.47487
72 HIS,3.33755
72 GLN,4.32397
72 ASN,4.56795
72 LYS,4.19473
72 ASP,5.77578
72 GLU,5.84496
72 CYS,3.45076
72 TRP,1.18768
72 ARG,4.88235
72 GLY,5.32888
73 PHE,7.95635
73 LEU,1.89019
73 ILE,1.89018
73 MET,1.37134
73 VAL,2.37389
73 SER,2.50232
73 PRO,6.586
73 THR,3.0696
73 ALA,1.72445
73 TYR,10.3627
73 HIS,5.32621
73 GLN,4.28307
73 ASN,3.03167
73 ASP,4.76518
73 GLU,5.0163
73 CYS,2.31416
73 TRP,13.0947
73 ARG,5.07543
73 GLY,3.24376
74 PHE,3.02272
74 LEU,-0.517045
74 ILE,-0.603944
74 MET,-0.928818
74 SER,2.49769
74 PRO,0.824862
74 THR,0.962969
74 ALA,2.32008
74 TYR,11.3123
74 HIS,6.09272
74 GLN,3.55899
74 ASN,2.812
74 LYS,6.11362
74 ASP,4.43237
74 GLU,4.3866
74 CYS,2.12282
74 TRP,4.57352
74 ARG,8.43639
74 GLY,4.21461
75 PHE,2.7307
75 ILE,1.07946
75 MET,-0.0756229
75 VAL,2.2407
75 SER,4.36433
75 PRO,1.92775
75 THR,3.75608
75 ALA,3.48946
75 TYR,1.41546
75 HIS,3.81706
75 GLN,3.57179
75 ASN,4.17256
75 LYS,2.88799
75 ASP,5.43186
75 GLU,5.11027
75 CYS,3.47453
75 TRP,9.03401
75 ARG,5.71973
75 GLY,5.20929
76 PHE,12.1088
76 ILE,1.85639
76 MET,0.206313
76 VAL,2.59262
76 SER,5.29065
76 PRO,9.41613
76 THR,4.37086
76 ALA,3.37461
76 TYR,26.8575
76 HIS,7.40815
76 GLN,3.8146
76 ASN,4.3875
76 LYS,5.66468
76 ASP,5.34773
76 GLU,4.96406
76 CYS,3.41382
76 TRP,26.8834
76 ARG,7.61264
76 GLY,5.02453
77 PHE,11.7236
77 LEU,7.16832
77 ILE,8.22439
77 MET,6.47844
77 VAL,3.64889
77 SER,4.69813
77 PRO,7.61721
77 THR,3.7851
77 ALA,3.49533
77 TYR,19.624
77 HIS,13.1332
77 GLN,9.11469
77 ASN,6.68763
77 LYS,12.8184
77 ASP,7.59885
77 GLU,11.0606
77 TRP,23.9499
77 ARG,18.0196
77 GLY,5.26334
78 PHE,7.12097
78 LEU,1.58574
78 ILE,0.627735
78 MET,1.20864
78 VAL,-1.7954
78 SER,-1.10345
78 PRO,4.17046
78 THR,-0.727429
78 ALA,-2.13023
78 TYR,7.63568
78 HIS,13.174
78 GLN,6.76862
78 ASN,-0.160358
78 LYS,6.65453
78 ASP,4.62349
78 GLU,4.9333
78 CYS,-0.359953
78 TRP,1.77378
78 ARG,10.5246
79 PHE,-2.96344
79 LEU,-2.76163
79 ILE,1.00724
79 MET,-2.45558
79 VAL,-0.208182
79 SER,1.2825
79 PRO,5.14456
79 THR,0.71284
79 TYR,-2.43177
79 HIS,-0.579764
79 GLN,0.870695
79 ASN,0.649993
79 LYS,-0.376633
79 ASP,1.54447
79 GLU,2.03834
79 CYS,0.169457
79 TRP,5.04912
79 ARG,0.336868
79 GLY,2.04863
80 PHE,3.58811
80 LEU,0.885215
80 ILE,-0.395646
80 MET,-0.0772311
80 SER,3.45835
80 PRO,6.48387
80 THR,2.48685
80 ALA,2.50212
80 TYR,5.91898
80 HIS,5.61804
80 GLN,3.16509
80 ASN,3.10115
80 LYS,6.41964
80 ASP,4.79785
80 GLU,5.30156
80 CYS,2.60805
80 TRP,14.0394
80 ARG,9.35095
80 GLY,4.47202
81 PHE,5.22468
81 ILE,2.62753
81 MET,0.81162
81 VAL,3.67544
81 SER,4.1233
81 PRO,7.66444
81 THR,3.01933
81 ALA,3.51151
81 TYR,4.1012
81 HIS,5.65218
81 GLN,3.11544
81 ASN,3.41223
81 LYS,2.27343
81 ASP,5.77733
81 GLU,5.22424
81 CYS,3.4912
81 TRP,5.17933
81 ARG,4.71844
81 GLY,5.16603
82 PHE,-0.896291
82 LEU,-1.06377
82 ILE,-0.505007
82 MET,-1.6192
82 VAL,-0.415638
82 PRO,4.56266
82 THR,-1.49882
82 ALA,-0.160876
82 TYR,-0.783415
82 HIS,0.0521738
82 GLN,-0.190041
82 ASN,0.585458
82 LYS,-0.847393
82 ASP,1.43046
82 GLU,0.118169
82 CYS,0.0880717
82 TRP,-1.01404
82 ARG,-0.794594
82 GLY,1.11895
83 PHE,-0.396922
83 LEU,-0.617772
83 ILE,0.395614
83 MET,-0.858428
83 VAL,0.880158
83 SER,2.19898
83 PRO,3.1534
83 THR,2.22126
83 ALA,0.899913
83 TYR,0.509834
83 HIS,1.15642
83 GLN,0.193384
83 ASN,1.53187
83 LYS,0.483417
83 ASP,2.27495
83 GLU,1.90805
83 CYS,1.14266
83 TRP,-0.436519
83 GLY,2.78507
84 PHE,0.162026
84 LEU,0.012025
84 ILE,0.277662
84 MET,0.42281
84 SER,2.50587
84 PRO,5.7667
84 THR,1.02676
84 ALA,1.40828
84 TYR,0.373367
84 HIS,1.33565
84 GLN,1.60479
84 ASN,1.97043
84 LYS,0.84943
84 ASP,4.33199
84 GLU,3.1412
84 CYS,1.83853
84 TRP,-0.149851
84 ARG,-0.897114
84 GLY,2.83835
85 PHE,1.68468
85 LEU,1.73064
85 ILE,1.00805
85 MET,1.22419
85 VAL,1.61837
85 SER,2.10287
85 PRO,5.80579
85 THR,2.43726
85 ALA,1.75351
85 TYR,2.32837
85 HIS,2.71116
85 GLN,2.13068
85 ASN,1.89831
85 LYS,1.94669
85 GLU,2.56323
85 CYS,1.88668
85 TRP,2.32242
85 ARG,2.03032
85 GLY,2.95778
86 PHE,-0.506878
86 LEU,-0.69671
86 ILE,0.756033
86 MET,-0.782473
86 VAL,1.15009
86 SER,0.31125
86 PRO,2.62717
86 THR,1.67232
86 TYR,-0.399536
86 HIS,-1.0093
86 GLN,-0.114779
86 ASN,-0.583813
86 LYS,-0.471731
86 ASP,0.872831
86 GLU,0.507443
86 CYS,0.381938
86 TRP,-0.456246
86 ARG,-0.76608
86 GLY,-0.102616
87 PHE,2.5386
87 LEU,2.41567
87 ILE,4.10829
87 MET,2.66677
87 VAL,4.16536
87 SER,2.80653
87 PRO,6.94701
87 THR,3.50013
87 ALA,2.89548
87 TYR,2.58525
87 HIS,1.73658
87 GLN,2.37544
87 ASN,2.11068
87 LYS,1.52783
87 ASP,2.77119
87 GLU,2.92526
87 CYS,2.71989
87 TRP,2.75849
87 ARG,1.58693
88 PHE,0.326245
88 LEU,-0.0367633
88 ILE,1.69033
88 MET,0.086108
88 VAL,1.28706
88 SER,1.25943
88 PRO,3.6436
88 THR,2.29103
88 ALA,0.798409
88 TYR,0.366534
88 HIS,1.10349
88 ASN,0.939236
88 LYS,-0.138091
88 ASP,0.906677
88 GLU,0.596428
88 CYS,0.75558
88 TRP,0.461938
88 ARG,0.0726993
88 GLY,0.875063
89 PHE,4.8282
89 LEU,0.414178
89 ILE,1.47993
89 MET,1.28056
89 VAL,2.57742
89 SER,2.60114
89 PRO,6.69112
89 THR,1.6897
89 ALA,2.22026
89 TYR,4.05841
89 HIS,3.3345
89 GLN,2.12505
89 ASN,2.09607
89 LYS,1.49056
89 ASP,2.30617
89 CYS,2.43251
89 TRP,2.77354
89 ARG,1.51416
89 GLY,3.57929
90 PHE,-0.647119
90 LEU,0.264633
90 ILE,0.0495812
90 MET,0.377469
90 VAL,0.142752
90 SER,0.636999
90 PRO,2.12387
90 THR,0.22824
90 ALA,0.681129
90 TYR,-0.461091
90 HIS,0.733346
90 ASN,0.822068
90 LYS,0.190371
90 ASP,0.427867
90 GLU,0.337911
90 CYS,0.677795
90 TRP,0.450863
90 ARG,-0.468669
90 GLY,1.09968
91 PHE,3.09929
91 ILE,1.50966
91 MET,-0.683813
91 VAL,1.8741
91 SER,3.38217
91 PRO,0.369741
91 THR,2.77073
91 ALA,2.42283
91 TYR,2.70062
91 HIS,3.68785
91 GLN,2.15477
91 ASN,2.81483
91 LYS,1.62089
91 ASP,3.3682
91 GLU,2.50131
91 CYS,2.46436
91 TRP,2.67674
91 ARG,1.67555
91 GLY,3.5833
92 PHE,-0.32977
92 LEU,-0.534608
92 ILE,-0.063576
92 MET,-0.731641
92 VAL,0.138223
92 SER,-0.225543
92 PRO,-0.793946
92 THR,0.288644
92 ALA,-0.114515
92 TYR,-0.334238
92 HIS,0.111628
92 GLN,-0.171767
92 ASN,-0.137774
92 LYS,-0.222903
92 ASP,-0.457767
92 GLU,-0.453801
92 CYS,-0.167007
92 TRP,-0.45652
92 ARG,-0.162098
93 PHE,1.68284
93 LEU,1.85061
93 ILE,1.96351
93 MET,1.82746
93 VAL,2.32072
93 SER,2.48791
93 PRO,5.84614
93 THR,2.32001
93 ALA,1.86749
93 TYR,1.97516
93 HIS,2.27356
93 GLN,1.94188
93 ASN,1.90193
93 LYS,1.8193
93 ASP,3.03974
93 GLU,2.32568
93 CYS,2.64172
93 TRP,1.3778
93 GLY,2.54176
94 PHE,0.513971
94 LEU,-1.13014
94 ILE,-0.919276
94 MET,-0.797677
94 VAL,-0.369941
94 SER,1.33117
94 PRO,0.29099
94 THR,0.0437041
94 ALA,0.99302
94 TYR,0.265455
94 HIS,1.00952
94 GLN,-0.0159283
94 ASN,0.708708
94 LYS,-0.3804
94 ASP,1.72995
94 GLU,-0.146193
94 CYS,0.00754986
94 TRP,0.878855
94 GLY,0.63914
95 PHE,0.739647
95 LEU,0.184801
95 MET,0.271392
95 VAL,1.13559
95 SER,3.05927
95 PRO,4.71511
95 THR,2.45276
95 ALA,2.35454
95 TYR,1.32452
95 HIS,1.4881
95 GLN,1.3664
95 ASN,1.88968
95 LYS,0.844372
95 ASP,2.21243
95 GLU,0.579382
95 CYS,2.15333
95 TRP,1.48344
95 ARG,2.23743
95 GLY,3.26944
96 PHE,-1.0486
96 LEU,-0.81345
96 ILE,-0.183797
96 MET,-0.751642
96 VAL,-0.0014231
96 SER,-0.127299
96 PRO,-0.565174
96 THR,0.209535
96 ALA,-0.156206
96 TYR,-0.959427
96 GLN,-0.165854
96 ASN,-0.12866
96 LYS,-0.672137
96 ASP,-0.222937
96 GLU,-0.51195
96 CYS,-0.133246
96 TRP,-0.790603
96 ARG,-0.985371
96 GLY,-0.217896
97 PHE,0.596689
97 LEU,0.557411
97 ILE,2.49482
97 MET,0.386565
97 VAL,2.47285
97 SER,2.91108
97 PRO,3.16975
97 THR,3.75107
97 ALA,3.07657
97 HIS,2.78732
97 GLN,3.32597
97 ASN,3.512
97 LYS,3.62072
97 ASP,4.98976
97 GLU,6.45854
97 CYS,2.47488
97 TRP,1.19461
97 ARG,4.63417
97 GLY,2.99148
98 PHE,0.87442
98 LEU,0.641462
98 ILE,0.750848
98 MET,1.00335
98 VAL,1.47614
98 PRO,1.20881
98 THR,1.49171
98 ALA,1.245
98 TYR,1.0127
98 HIS,0.426283
98 GLN,0.219984
98 ASN,-0.0331993
98 LYS,0.00878973
98 ASP,-0.179677
98 GLU,1.15695
98 CYS,0.280681
98 TRP,1.24437
98 ARG,0.841056
98 GLY,0.00720243
99 PHE,-0.0221552
99 LEU,-0.20732
99 ILE,0.00992924
99 MET,-0.473297
99 VAL,0.769633
99 SER,0.643955
99 PRO,-1.50468
99 THR,0.740919
99 ALA,0.194433
99 TYR,0.180479
99 HIS,0.741888
99 ASN,0.532181
99 LYS,-0.260976
99 ASP,0.760435
99 GLU,0.0210902
99 CYS,0.636533
99 TRP,0.423518
99 ARG,-0.124141
99 GLY,0.823088
100 PHE,-0.100767
100 LEU,-0.220289
100 ILE,-0.0327185
100 MET,-0.323087
100 VAL,-0.0720058
100 SER,-0.0172769
100 PRO,-0.564631
100 THR,0.0584734
100 ALA,-0.291788
100 TYR,-0.0940492
100 HIS,0.197215
100 GLN,-0.787649
100 LYS,-0.692136
100 ASP,0.0823145
100 GLU,-0.100913
100 CYS,-0.0819119
100 TRP,0.0065663
100 ARG,-0.512897
100 GLY,-0.0360899
101 PHE,0.177039
101 LEU,-0.0891133
101 ILE,1.16605
101 MET,-0.152692
101 VAL,1.39165
101 SER,0.752093
101 PRO,3.41924
101 THR,0.934702
101 ALA,0.857731
101 TYR,0.365345
101 HIS,0.398038
101 GLN,0.370436
101 ASN,0.364639
101 LYS,0.153048
101 GLU,0.347065
101 CYS,0.664703
101 TRP,-0.0221361
101 ARG,0.712713
101 GLY,1.89743
102 PHE,2.40957
102 ILE,0.339018
102 MET,0.227133
102 VAL,1.4467
102 SER,3.093
102 PRO,5.00487
102 THR,1.44889
102 ALA,2.7707
102 TYR,2.7094
102 HIS,3.75245
102 GLN,2.1655
102 ASN,2.79976
102 LYS,2.38528
102 ASP,3.84949
102 GLU,3.50814
102 CYS,2.32075
102 TRP,2.82144
102 ARG,2.53757
102 GLY,3.54964
103 PHE,1.16683
103 LEU,1.86605
103 ILE,0.993288
103 MET,1.47483
103 SER,2.37721
103 PRO,3.55193
103 THR,0.453631
103 ALA,1.78303
103 TYR,1.39562
103 HIS,1.32339
103 GLN,1.34873
103 ASN,1.75941
103 LYS,1.23793
103 ASP,2.27488
103 GLU,2.56534
103 CYS,1.45192
103 TRP,2.00905
103 ARG,1.13044
103 GLY,2.29434
104 PHE,0.255289
104 LEU,0.450895
104 ILE,0.196353
104 MET,-0.345145
104 VAL,0.445501
104 SER,0.927767
104 PRO,-0.788234
104 THR,0.557569
104 ALA,0.642349
104 TYR,0.276196
104 HIS,0.794417
104 GLN,0.501605
104 ASN,1.03281
104 LYS,0.167473
104 ASP,0.417316
104 CYS,0.736288
104 TRP,-0.0714182
104 ARG,0.288444
104 GLY,1.1307
105 PHE,1.07177
105 LEU,2.29282
105 ILE,2.359
105 MET,1.56394
105 VAL,2.66716
105 SER,2.31105
105 PRO,5.49653
105 THR,2.7751
105 ALA,2.73361
105 HIS,2.36742
105 GLN,2.0861
105 ASN,1.67936
105 LYS,2.18566
105 ASP,1.92519
105 GLU,1.53784
105 CYS,2.24897
105 TRP,1.48065
105 ARG,1.80199
105 GLY,2.42873
106 PHE,2.92947
106 LEU,2.55568
106 ILE,4.854
106 MET,-0.0224399
106 VAL,0.628293
106 PRO,-0.50532
106 THR,2.74902
106 ALA,-2.12471
106 TYR,2.80187
106 HIS,7.00221
106 GLN,3.32395
106 ASN,-0.0256597
106 LYS,2.10402
106 ASP,1.86906
106 GLU,3.56085
106 CYS,-1.52305
106 TRP,10.5729
106 ARG,1.5916
106 GLY,-0.125063
107 PHE,3.04593
107 LEU,2.6252
107 ILE,2.54055
107 MET,2.67231
107 VAL,2.63382
107 SER,3.98044
107 THR,3.37227
107 ALA,3.41926
107 TYR,2.8852
107 HIS,3.69573
107 GLN,2.9882
107 ASN,3.89292
107 LYS,2.91497
107 ASP,4.05702
107 GLU,3.39874
107 CYS,3.64529
107 TRP,2.88198
107 ARG,2.7748
107 GLY,4.30537
108 PHE,0.0490514
108 LEU,-0.210278
108 ILE,-0.437719
108 MET,-0.371642
108 SER,2.00497
108 PRO,2.44381
108 THR,1.43411
108 ALA,1.39208
108 TYR,0.229827
108 HIS,1.09397
108 GLN,0.871854
108 ASN,1.51894
108 LYS,0.278603
108 ASP,1.8169
108 GLU,0.927497
108 CYS,1.3438
108 TRP,-0.281587
108 ARG,0.808021
108 GLY,2.08818
109 PHE,13.8197
109 LEU,0.526484
109 ILE,-0.469427
109 MET,0.0358942
109 VAL,0.889154
109 SER,1.00584
109 PRO,7.48699
109 ALA,-0.0383382
109 TYR,16.7417
109 HIS,7.78079
109 GLN,3.83514
109 ASN,0.385483
109 LYS,7.02296
109 ASP,4.2704
109 GLU,4.76356
109 CYS,0.147906
109 TRP,24.3067
109 ARG,7.18952
109 GLY,1.90906
110 PHE,-0.499736
110 LEU,-0.549481
110 ILE,-0.288345
110 MET,-0.521491
110 VAL,0.213365
110 SER,0.948536
110 PRO,4.18325
110 THR,0.324468
110 ALA,0.248843
110 TYR,-0.108143
110 HIS,0.629598
110 GLN,-0.378135
110 ASN,0.674814
110 LYS,-0.398802
110 ASP,0.707734
110 CYS,0.734257
110 TRP,0.0792492
110 ARG,-0.0788765
110 GLY,1.2619
111 PHE,0.766441
111 LEU,0.47352
111 ILE,1.91972
111 MET,0.173562
111 VAL,1.87279
111 SER,0.841375
111 PRO,1.19765
111 THR,1.85737
111 ALA,0.794804
111 TYR,0.769757
111 HIS,0.596147
111 GLN,0.102873
111 ASN,0.380746
111 ASP,0.692638
111 GLU,0.817425
111 CYS,0.812425
111 TRP,0.854865
111 ARG,-0.106653
111 GLY,1.13401
112 PHE,0.124607
112 LEU,0.655694
112 ILE,2.39164
112 MET,0.0444294
112 VAL,2.57394
112 SER,1.18487
112 PRO,4.6023
112 THR,3.00876
112 ALA,0.741912
112 TYR,0.31646
112 GLN,0.822713
112 ASN,0.431527
112 LYS,0.276127
112 ASP,2.54909
112 GLU,1.63562
112 CYS,0.249912
112 TRP,0.862807
112 ARG,0.168189
112 GLY,1.52585
113 PHE,2.04906
113 ILE,0.401126
113 MET,0.434452
113 VAL,1.24825
113 SER,2.08238
113 PRO,1.64287
113 THR,2.01997
113 ALA,1.92838
113 TYR,1.76125
113 HIS,1.94927
113 GLN,1.31776
113 ASN,1.99239
113 LYS,0.657239
113 ASP,1.94768
113 GLU,1.81492
113 CYS,1.73691
113 TRP,2.4991
113 ARG,0.401211
113 GLY,2.36017
114 PHE,-0.915774
114 LEU,-0.056715
114 ILE,-0.0706726
114 MET,-0.151999
114 VAL,0.0572738
114 SER,0.0977703
114 PRO,0.789703
114 ALA,-0.135114
114 TYR,-0.713614
114 HIS,0.124991
114 GLN,-0.077898
114 ASN,0.0827071
114 LYS,-0.15204
114 ASP,0.0112474
114 GLU,-0.175212
114 CYS,0.0728804
114 TRP,-0.0375405
114 ARG,-0.078356
114 GLY,0.0947503
115 PHE,0.0352095
115 LEU,-0.235255
115 ILE,0.189574
115 MET,0.156925
115 VAL,0.566678
115 SER,-0.0338963
115 PRO,0.670986
115 THR,0.333572
115 ALA,0.722902
115 TYR,0.0744372
115 HIS,0.459575
115 GLN,-0.172309
115 ASN,0.149888
115 LYS,-0.149995
115 GLU,0.135553
115 CYS,5.91E-05
115 TRP,0.262834
115 ARG,-0.0323495
115 GLY,0.204361
116 PHE,12.167
116 LEU,8.936
116 ILE,10.7885
116 MET,6.53731
116 VAL,8.60498
116 SER,6.49985
116 PRO,8.5454
116 THR,9.65891
116 ALA,4.98732
116 TYR,13.0207
116 HIS,13.6483
116 GLN,9.22072
116 ASN,10.1452
116 LYS,7.97692
116 ASP,10.283
116 GLU,8.84536
116 CYS,6.27365
116 TRP,14.722
116 ARG,8.6394
117 PHE,12.9059
117 LEU,0.402136
117 ILE,1.78104
117 VAL,2.6477
117 SER,3.1543
117 PRO,5.21768
117 THR,3.42317
117 ALA,2.75812
117 TYR,5.76033
117 HIS,11.6087
117 GLN,1.44765
117 ASN,2.7154
117 LYS,3.04956
117 ASP,5.07788
117 GLU,4.17537
117 CYS,2.36902
117 TRP,8.28518
117 ARG,3.00133
117 GLY,4.04188
118 PHE,0.748845
118 LEU,0.352085
118 ILE,1.8684
118 MET,0.340657
118 VAL,1.84286
118 SER,0.07416
118 PRO,0.025356
118 ALA,0.568847
118 TYR,1.14413
118 HIS,1.15698
118 GLN,0.90125
118 ASN,1.16841
118 LYS,0.961778
118 ASP,0.116453
118 GLU,1.47441
118 CYS,1.2435
118 TRP,2.01923
118 ARG,1.24901
118 GLY,0.530207
119 PHE,9.09314
119 LEU,0.243104
119 ILE,0.601694
119 MET,0.468759
119 SER,2.96596
119 PRO,1.94679
119 THR,1.35954
119 ALA,1.98718
119 TYR,2.96203
119 HIS,7.42341
119 GLN,2.87783
119 ASN,2.93099
119 LYS,5.05727
119 ASP,4.12305
119 GLU,3.84888
119 CYS,1.97439
119 TRP,18.6749
119 ARG,10.8203
119 GLY,3.44336
120 PHE,1.19595
120 LEU,0.29015
120 ILE,1.57655
120 MET,0.379076
120 VAL,1.50355
120 SER,2.29806
120 PRO,8.79731
120 THR,1.90812
120 ALA,1.06111
120 TYR,1.03385
120 HIS,1.36877
120 GLN,1.14869
120 ASN,2.13835
120 LYS,0.569515
120 ASP,1.81703
120 GLU,0.945973
120 CYS,2.01989
120 TRP,0.306341
120 GLY,2.24599
121 PHE,0.762791
121 LEU,-0.00166675
121 ILE,0.893717
121 MET,0.53682
121 VAL,1.40759
121 SER,1.45968
121 PRO,3.08437
121 THR,0.890177
121 ALA,1.1545
121 TYR,0.733448
121 HIS,1.3603
121 GLN,1.02943
121 ASN,1.01241
121 LYS,0.987317
121 ASP,0.265549
121 CYS,1.7432
121 TRP,0.996648
121 ARG,0.900423
121 GLY,2.48402
122 PHE,5.32778
122 ILE,3.31274
122 MET,0.444555
122 VAL,4.1728
122 SER,3.8881
122 PRO,8.03424
122 THR,2.32299
122 ALA,3.13832
122 TYR,8.16356
122 HIS,3.92602
122 GLN,4.07806
122 ASN,3.84044
122 LYS,3.89579
122 ASP,5.69944
122 GLU,4.83363
122 CYS,3.44824
122 TRP,19.8203
122 ARG,8.4424
122 GLY,4.93204
123 PHE,17.1145
123 LEU,4.41399
123 ILE,8.22274
123 MET,3.87843
123 VAL,7.48622
123 SER,5.63283
123 PRO,7.0173
123 THR,5.68305
123 ALA,3.86627
123 TYR,18.408
123 HIS,16.5885
123 GLN,6.15494
123 ASN,5.84832
123 LYS,9.20232
123 ASP,7.84063
123 GLU,6.81912
123 TRP,15.9654
123 ARG,8.6955
123 GLY,5.43477
124 PHE,-0.524211
124 LEU,-0.739329
124 ILE,-0.107435
124 MET,-1.10579
124 VAL,0.913529
124 PRO,3.63246
124 THR,0.576215
124 ALA,-0.124729
124 TYR,-0.594005
124 HIS,0.720152
124 GLN,-0.203711
124 ASN,0.741467
124 LYS,-0.406628
124 ASP,0.617326
124 GLU,-0.430219
124 CYS,0.550144
124 TRP,-1.45099
124 ARG,-0.0685276
124 GLY,0.862661
125 PHE,7.67186
125 LEU,1.7937
125 ILE,4.68501
125 MET,1.09475
125 VAL,3.61146
125 SER,1.83
125 PRO,6.16708
125 THR,2.6695
125 TYR,10.762
125 HIS,9.3165
125 GLN,3.96765
125 ASN,2.82699
125 LYS,4.37687
125 ASP,6.04616
125 GLU,5.88432
125 CYS,2.22557
125 TRP,9.89727
125 ARG,3.42577
125 GLY,1.91767
126 PHE,36.7647
126 LEU,8.62251
126 ILE,3.61896
126 MET,7.14108
126 VAL,2.84022
126 SER,0.828931
126 PRO,9.16174
126 THR,3.49336
126 TYR,28.9078
126 HIS,25.3485
126 GLN,8.8296
126 ASN,6.87035
126 LYS,10.8446
126 ASP,6.71145
126 GLU,10.0922
126 CYS,2.08449
126 TRP,37.6542
126 ARG,16.449
126 GLY,1.50777
127 PHE,12.9515
127 LEU,-0.521669
127 MET,-0.149872
127 VAL,0.911485
127 SER,4.90093
127 PRO,8.00363
127 THR,2.8018
127 ALA,3.48336
127 TYR,14.2825
127 HIS,9.6052
127 GLN,3.34672
127 ASN,2.94495
127 LYS,2.27942
127 ASP,5.36161
127 GLU,5.1003
127 CYS,2.99536
127 TRP,16.7891
127 ARG,7.36075
127 GLY,4.48992
128 PHE,9.8164
128 LEU,-0.424567
128 ILE,-1.82885
128 MET,-1.16397
128 VAL,-1.33263
128 SER,0.00293666
128 PRO,3.40549
128 ALA,-0.566697
128 TYR,3.71987
128 HIS,4.48824
128 GLN,-0.0712923
128 ASN,2.83702
128 LYS,-0.360169
128 ASP,3.24941
128 GLU,0.846782
128 CYS,-0.136498
128 TRP,2.41146
128 ARG,-0.20141
128 GLY,-0.901478
129 PHE,-0.0722539
129 LEU,-0.684574
129 ILE,0.817158
129 VAL,1.28913
129 SER,2.19437
129 PRO,4.81028
129 THR,1.96273
129 ALA,1.69099
129 TYR,0.0504069
129 HIS,0.956849
129 GLN,0.784206
129 ASN,0.898872
129 LYS,-0.277465
129 ASP,2.53061
129 GLU,1.76672
129 CYS,2.19724
129 TRP,-0.33886
129 ARG,0.540048
129 GLY,2.04253
130 PHE,6.71666
130 LEU,2.81179
130 ILE,3.0614
130 MET,0.883497
130 VAL,3.12392
130 PRO,5.923
130 THR,1.02227
130 ALA,1.52707
130 TYR,8.3505
130 HIS,9.318
130 GLN,1.94871
130 ASN,2.56247
130 LYS,3.03353
130 ASP,-0.331155
130 GLU,1.74863
130 CYS,2.26992
130 TRP,8.17646
130 ARG,2.9722
130 GLY,-0.663518
131 PHE,25.5123
131 LEU,12.1062
131 ILE,7.27356
131 MET,11.3811
131 VAL,5.51294
131 SER,7.41396
131 PRO,14.3364
131 THR,7.40684
131 ALA,7.00974
131 TYR,26.3809
131 HIS,25.7377
131 GLN,17.8057
131 ASN,5.28281
131 LYS,20.5968
131 GLU,15.6165
131 CYS,7.15982
131 TRP,42.1191
131 ARG,24.3347
131 GLY,7.99425
132 PHE,0.823739
132 LEU,-0.32695
132 ILE,2.88083
132 MET,0.143488
132 VAL,3.32634
132 SER,1.93259
132 PRO,4.20163
132 THR,2.0781
132 ALA,0.44884
132 TYR,2.00607
132 HIS,0.920417
132 GLN,1.76302
132 LYS,1.58423
132 ASP,4.55394
132 GLU,2.85218
132 CYS,1.56877
132 TRP,2.42209
132 ARG,-0.436962
132 GLY,2.64548
133 PHE,5.91138
133 LEU,-0.980809
133 ILE,5.68468
133 MET,2.32139
133 VAL,3.43777
133 SER,1.5326
133 PRO,2.61382
133 ALA,1.62792
133 TYR,12.5085
133 HIS,6.87614
133 GLN,7.6664
133 ASN,2.16192
133 LYS,6.63083
133 ASP,5.86066
133 GLU,5.59949
133 CYS,1.97636
133 TRP,11.8539
133 ARG,7.17368
133 GLY,1.45352
134 PHE,17.8197
134 LEU,6.15528
134 ILE,7.13288
134 MET,6.9818
134 VAL,3.22111
134 SER,0.936675
134 PRO,8.21228
134 THR,0.953021
134 TYR,24.1134
134 HIS,14.6167
134 GLN,11.6789
134 ASN,6.05101
134 LYS,9.99061
134 ASP,10.5056
134 GLU,12.3718
134 CYS,3.326
134 TRP,24.7671
134 ARG,21.1445
134 GLY,1.5443
135 PHE,12.0738
135 LEU,7.38248
135 ILE,6.45454
135 MET,6.58607
135 VAL,4.17247
135 SER,1.3874
135 PRO,4.09049
135 THR,2.46241
135 TYR,16.4314
135 HIS,14.0808
135 GLN,6.80315
135 ASN,7.30886
135 LYS,8.88787
135 ASP,8.99272
135 GLU,13.0374
135 CYS,3.24308
135 TRP,36.1215
135 ARG,10.5824
135 GLY,1.4469
136 PHE,1.3212
136 LEU,-0.086151
136 ILE,-0.226505
136 MET,-0.306599
136 VAL,0.161435
136 SER,1.56017
136 PRO,3.8573
136 THR,0.222837
136 ALA,1.1486
136 TYR,0.205585
136 HIS,2.79255
136 GLN,0.524829
136 LYS,0.0612486
136 ASP,1.8183
136 GLU,2.13884
136 CYS,1.43074
136 TRP,2.25353
136 ARG,-0.0316018
136 GLY,2.80659
137 PHE,4.43803
137 ILE,0.992792
137 MET,0.879772
137 VAL,2.29675
137 SER,3.26
137 PRO,7.43915
137 THR,2.14514
137 ALA,2.71825
137 TYR,7.70598
137 HIS,4.04046
137 GLN,2.77714
137 ASN,2.81339
137 LYS,2.00982
137 ASP,4.59001
137 GLU,4.05352
137 CYS,2.7788
137 TRP,6.86645
137 ARG,3.00242
137 GLY,4.35551
138 PHE,9.07864
138 ILE,1.13883
138 MET,-0.0115298
138 VAL,1.91831
138 SER,4.38623
138 PRO,7.83995
138 THR,2.71853
138 ALA,3.12265
138 TYR,17.4727
138 HIS,5.34378
138 GLN,3.78768
138 ASN,4.29703
138 LYS,4.74692
138 ASP,5.18043
138 GLU,4.75945
138 CYS,3.17718
138 TRP,17.8853
138 ARG,8.06456
138 GLY,4.85843
139 PHE,5.79846
139 ILE,1.9543
139 MET,0.293539
139 VAL,2.85382
139 SER,5.21556
139 PRO,7.78323
139 THR,4.83895
139 ALA,3.7634
139 TYR,10.9894
139 HIS,7.05574
139 GLN,3.94347
139 ASN,3.99679
139 LYS,2.5295
139 ASP,5.79147
139 GLU,5.49052
139 CYS,3.71372
139 TRP,13.4834
139 ARG,5.73336
139 GLY,5.47001
140 PHE,-1.63272
140 LEU,-1.57887
140 ILE,-1.42391
140 MET,-1.56953
140 VAL,-0.734581
140 SER,-0.255617
140 PRO,4.06769
140 ALA,-0.531246
140 TYR,-1.56868
140 HIS,-0.588025
140 GLN,-0.932777
140 ASN,-0.0701992
140 LYS,-1.44977
140 ASP,-0.2473
140 GLU,-0.785687
140 CYS,0.0404787
140 TRP,-1.17641
140 ARG,-1.24052
140 GLY,0.244553
141 PHE,3.56912
141 LEU,-0.493408
141 ILE,-0.272508
141 MET,0.740767
141 VAL,0.151534
141 SER,1.73986
141 PRO,3.17699
141 ALA,1.09482
141 TYR,5.79624
141 HIS,8.02609
141 GLN,0.973018
141 ASN,1.67601
141 LYS,0.98541
141 ASP,3.57848
141 GLU,2.28623
141 CYS,0.924048
141 TRP,5.23542
141 ARG,0.735292
141 GLY,2.67772
142 PHE,0.78114
142 LEU,-0.39239
142 MET,-0.36876
142 VAL,1.46256
142 SER,3.02002
142 PRO,5.16263
142 THR,2.18727
142 ALA,2.145
142 TYR,2.3192
142 HIS,2.12712
142 GLN,2.31289
142 ASN,2.47596
142 LYS,2.83115
142 ASP,3.20447
142 GLU,2.83897
142 CYS,1.52403
142 TRP,3.42114
142 ARG,3.14004
142 GLY,2.56795
143 PHE,4.1435
143 LEU,4.03629
143 ILE,6.41016
143 MET,3.84851
143 VAL,6.43505
143 SER,4.01796
143 PRO,7.51331
143 THR,5.74902
143 ALA,3.64087
143 TYR,4.10285
143 HIS,4.52231
143 GLN,3.73825
143 ASN,3.95341
143 LYS,4.05678
143 ASP,3.91659
143 GLU,3.81649
143 CYS,4.02777
143 TRP,4.0731
143 ARG,4.10667
144 PHE,7.81296
144 LEU,5.02138
144 ILE,7.32609
144 MET,5.03144
144 VAL,7.0041
144 SER,3.85511
144 PRO,7.09628
144 THR,6.61383
144 ALA,3.42701
144 TYR,7.98534
144 HIS,4.73335
144 GLN,5.29954
144 ASN,5.14332
144 LYS,5.03382
144 ASP,5.74834
144 GLU,4.83296
144 CYS,4.45453
144 TRP,6.16462
144 ARG,5.41106
145 PHE,1.76724
145 LEU,6.33418
145 ILE,3.86536
145 MET,4.61127
145 VAL,2.76183
145 SER,3.33964
145 THR,2.17111
145 ALA,3.39757
145 TYR,1.32832
145 HIS,4.75346
145 GLN,3.81952
145 ASN,4.55587
145 LYS,3.96071
145 ASP,4.03818
145 GLU,3.6664
145 CYS,4.15093
145 TRP,2.87356
145 ARG,5.39849
145 GLY,4.22046
146 PHE,0.0198292
146 LEU,-0.105165
146 ILE,-0.251135
146 MET,-0.345177
146 VAL,0.141865
146 SER,0.404862
146 PRO,-1.55809
146 THR,0.330712
146 ALA,0.0113193
146 TYR,0.0920089
146 HIS,0.453769
146 GLN,-0.344182
146 ASN,0.396929
146 ASP,-0.139687
146 GLU,-0.839037
146 CYS,0.508674
146 TRP,-0.179677
146 ARG,-0.426961
146 GLY,0.54086
147 PHE,-0.123869
147 LEU,-0.338115
147 ILE,0.43555
147 MET,-0.977144
147 VAL,0.636162
147 SER,0.394167
147 PRO,1.40788
147 THR,1.16637
147 ALA,0.515971
147 TYR,-0.00412206
147 HIS,0.532644
147 GLN,0.0419344
147 ASN,0.470297
147 LYS,-0.121768
147 ASP,0.431602
147 CYS,0.579847
147 TRP,-1.64892
147 ARG,0.17111
147 GLY,1.24968
148 PHE,7.39379
148 ILE,0.468476
148 MET,-0.0450828
148 VAL,1.24891
148 SER,4.14735
148 PRO,1.92537
148 THR,2.83921
148 ALA,3.56067
148 TYR,9.82147
148 HIS,5.08812
148 GLN,3.50327
148 ASN,4.14302
148 LYS,4.48295
148 ASP,5.0671
148 GLU,4.72262
148 CYS,3.43697
148 TRP,10.1618
148 ARG,6.44805
148 GLY,5.10221
149 PHE,1.11557
149 LEU,0.242352
149 ILE,1.45068
149 MET,-0.175731
149 VAL,1.98129
149 SER,0.423742
149 PRO,7.58011
149 ALA,0.986112
149 TYR,1.89215
149 HIS,5.67003
149 GLN,0.810831
149 ASN,2.78816
149 LYS,-0.00345257
149 ASP,1.90793
149 GLU,1.04733
149 CYS,1.6667
149 TRP,1.84824
149 ARG,0.490104
149 GLY,2.08494
150 PHE,-0.891548
150 LEU,-0.669384
150 ILE,-0.481865
150 MET,-0.783317
150 VAL,0.353993
150 SER,0.369553
150 PRO,3.39955
150 THR,1.00525
150 TYR,-0.695297
150 HIS,0.770285
150 GLN,0.0651756
150 ASN,0.104718
150 LYS,-0.109425
150 ASP,0.67969
150 GLU,-0.272872
150 CYS,0.740844
150 TRP,0.098284
150 ARG,0.105636
150 GLY,1.03194
151 LEU,1.54572
151 ILE,2.35797
151 MET,0.950503
151 VAL,3.12473
151 SER,3.91038
151 PRO,6.75803
151 THR,3.88836
151 ALA,3.39467
151 TYR,1.29538
151 HIS,3.09423
151 GLN,2.81167
151 ASN,3.61787
151 LYS,2.37078
151 ASP,4.40228
151 GLU,3.75484
151 CYS,3.88406
151 TRP,0.00171127
151 ARG,2.45702
151 GLY,4.65599
152 PHE,4.5866
152 ILE,1.98201
152 MET,0.390955
152 VAL,3.27009
152 SER,4.63696
152 PRO,7.64766
152 THR,2.97993
152 ALA,3.73387
152 TYR,3.53761
152 HIS,3.50165
152 GLN,4.11917
152 ASN,3.64465
152 LYS,3.23839
152 ASP,6.30563
152 GLU,5.57255
152 CYS,3.61251
152 TRP,7.53824
152 ARG,6.08123
152 GLY,5.24713
153 PHE,-1.08109
153 LEU,-0.894368
153 ILE,-0.810199
153 MET,-1.07525
153 VAL,0.00516742
153 SER,1.09117
153 PRO,4.17772
153 THR,1.18599
153 ALA,0.119708
153 TYR,-0.68705
153 GLN,0.245876
153 ASN,0.476937
153 LYS,-1.64041
153 ASP,1.84858
153 GLU,0.445133
153 CYS,0.732131
153 TRP,-0.483803
153 ARG,-2.13431
153 GLY,1.09748
154 PHE,-0.44349
154 LEU,-0.274563
154 ILE,0.639586
154 MET,-0.477438
154 VAL,1.00085
154 SER,-0.365978
154 PRO,3.72218
154 THR,0.200676
154 ALA,-0.0366304
154 TYR,-0.343218
154 HIS,-0.221384
154 GLN,-0.338028
154 LYS,-0.460654
154 ASP,1.16564
154 GLU,0.379476
154 CYS,0.486177
154 TRP,-0.25161
154 ARG,-0.77516
154 GLY,0.185172
155 PHE,3.68367
155 LEU,0.411276
155 ILE,0.661015
155 VAL,2.05049
155 SER,3.69683
155 PRO,4.97943
155 THR,3.56791
155 ALA,3.87612
155 TYR,4.12395
155 HIS,3.68878
155 GLN,2.82593
155 ASN,1.93552
155 LYS,2.70091
155 ASP,5.18691
155 GLU,4.67405
155 CYS,3.0203
155 TRP,7.92805
155 ARG,2.97083
155 GLY,4.69417
156 PHE,4.04822
156 LEU,4.1959
156 ILE,5.17224
156 MET,3.98961
156 VAL,5.23721
156 SER,3.8351
156 PRO,8.3787
156 THR,5.11558
156 ALA,3.53561
156 TYR,4.12391
156 HIS,4.15181
156 GLN,3.73192
156 ASN,3.69812
156 LYS,3.79283
156 ASP,4.14524
156 GLU,4.03396
156 CYS,3.53558
156 TRP,3.99642
156 ARG,3.46095
157 PHE,14.3518
157 LEU,4.38062
157 ILE,2.38956
157 MET,3.19754
157 VAL,1.96424
157 SER,3.30753
157 PRO,6.95252
157 THR,2.88778
157 ALA,2.94889
157 TYR,18.989
157 HIS,12.9599
157 GLN,3.73204
157 ASN,-0.628301
157 LYS,4.57219
157 GLU,4.43751
157 CYS,2.55764
157 TRP,13.7319
157 ARG,5.57752
157 GLY,4.15291
158 PHE,-0.639382
158 LEU,-0.603217
158 ILE,-0.160206
158 MET,-0.512008
158 VAL,0.106839
158 SER,0.268954
158 PRO,-0.347615
158 THR,0.108675
158 ALA,0.319391
158 TYR,-0.578517
158 GLN,-0.087278
158 ASN,0.223168
158 LYS,-0.73885
158 ASP,0.331142
158 GLU,0.00600693
158 CYS,0.028755
158 TRP,-0.710079
158 ARG,-0.858116
158 GLY,0.127438
159 PHE,0.47305
159 LEU,0.172742
159 ILE,-0.10424
159 MET,1.04777
159 SER,2.37881
159 PRO,4.10702
159 THR,1.08872
159 ALA,2.1303
159 TYR,0.533247
159 HIS,2.10886
159 GLN,2.1546
159 ASN,1.48706
159 LYS,1.00497
159 ASP,2.87528
159 GLU,1.33297
159 CYS,1.92444
159 TRP,1.0244
159 ARG,1.19309
159 GLY,2.44631
160 PHE,13.9904
160 LEU,-1.33982
160 ILE,-0.169194
160 MET,-2.06118
160 VAL,0.249433
160 SER,1.30633
160 PRO,6.60096
160 ALA,-0.284708
160 TYR,14.2641
160 HIS,8.04724
160 GLN,2.9718
160 ASN,1.1837
160 LYS,1.90822
160 ASP,3.57738
160 GLU,4.10653
160 CYS,-0.0745481
160 TRP,2.87461
160 ARG,6.84426
160 GLY,1.48641
161 PHE,1.94996
161 LEU,0.453824
161 ILE,0.340605
161 MET,0.440558
161 VAL,0.584222
161 SER,0.64645
161 PRO,4.71239
161 THR,-0.11386
161 ALA,1.3466
161 TYR,1.76216
161 HIS,2.63892
161 GLN,0.832041
161 ASN,0.511374
161 LYS,0.257973
161 ASP,3.23264
161 GLU,1.8149
161 CYS,1.46631
161 TRP,3.54902
161 GLY,2.07373
162 PHE,4.02876
162 ILE,0.586312
162 MET,0.592837
162 VAL,0.725345
162 SER,5.00178
162 PRO,3.13111
162 THR,2.45583
162 ALA,3.97754
162 TYR,8.29351
162 HIS,5.55709
162 GLN,3.06713
162 ASN,3.3743
162 LYS,3.10162
162 ASP,5.88537
162 GLU,5.56349
162 CYS,2.78426
162 TRP,14.6891
162 ARG,6.43032
162 GLY,5.66633
163 PHE,0.428208
163 LEU,0.349284
163 ILE,0.853281
163 MET,0.577934
163 VAL,0.197575
163 SER,1.70354
163 PRO,6.77223
163 THR,0.450385
163 ALA,1.64881
163 TYR,0.485314
163 HIS,1.07978
163 GLN,0.539762
163 ASN,0.802661
163 LYS,0.296448
163 GLU,0.757475
163 CYS,1.51466
163 TRP,0.468465
163 ARG,1.38429
163 GLY,2.24746
164 PHE,2.72469
164 LEU,2.19381
164 ILE,3.24044
164 MET,1.32768
164 VAL,2.81406
164 SER,2.42467
164 PRO,6.46905
164 THR,2.41763
164 ALA,2.99075
164 TYR,2.59719
164 HIS,1.93366
164 GLN,2.59121
164 ASN,1.91542
164 LYS,1.56988
164 ASP,3.89223
164 GLU,3.03961
164 CYS,1.91837
164 TRP,3.07247
164 GLY,4.07089
165 PHE,0.127789
165 LEU,0.949274
165 ILE,2.0538
165 MET,0.521578
165 VAL,2.01201
165 SER,2.34668
165 PRO,1.24728
165 THR,2.20825
165 ALA,2.3586
165 TYR,0.563759
165 HIS,1.52101
165 GLN,1.44219
165 ASN,1.86054
165 LYS,1.02917
165 ASP,2.68055
165 GLU,1.88402
165 CYS,2.03382
165 ARG,1.16066
165 GLY,2.59093
166 PHE,5.32561
166 LEU,-1.69009
166 ILE,0.958651
166 MET,-0.554581
166 VAL,1.26074
166 SER,2.32511
166 PRO,-0.261954
166 THR,1.33781
166 ALA,0.516186
166 TYR,7.26567
166 HIS,4.9992
166 GLN,1.66516
166 ASN,0.79539
166 LYS,1.16076
166 ASP,1.12109
166 CYS,1.37394
166 TRP,6.37495
166 ARG,5.0394
166 GLY,2.17915
167 PHE,1.93783
167 LEU,2.01462
167 ILE,2.33464
167 MET,2.01005
167 VAL,2.49125
167 SER,2.58596
167 THR,2.21043
167 ALA,2.44429
167 TYR,2.31409
167 HIS,2.54943
167 GLN,1.95737
167 ASN,2.22737
167 LYS,2.731
167 ASP,2.146
167 GLU,2.24425
167 CYS,3.00182
167 TRP,2.3381
167 ARG,1.89636
167 GLY,1.33565
168 PHE,0.204412
168 LEU,0.0337426
168 ILE,0.112735
168 MET,-0.329189
168 VAL,0.858518
168 SER,0.820504
168 PRO,-0.456719
168 THR,0.820841
168 ALA,0.398716
168 TYR,0.252963
168 HIS,0.872178
168 GLN,-0.0518885
168 ASN,0.156143
168 LYS,0.233588
168 ASP,0.70889
168 CYS,0.844321
168 TRP,0.100829
168 ARG,0.196522
168 GLY,1.48823
169 PHE,7.37187
169 ILE,3.93632
169 MET,0.351236
169 VAL,3.7689
169 SER,3.35863
169 PRO,5.29686
169 THR,3.87484
169 ALA,2.14674
169 TYR,7.75358
169 HIS,5.43299
169 GLN,2.60009
169 ASN,3.54734
169 LYS,1.50153
169 ASP,6.56175
169 GLU,4.50022
169 CYS,2.24647
169 TRP,25.6389
169 ARG,5.18246
169 GLY,2.96779
170 PHE,3.32444
170 LEU,-0.117349
170 ILE,0.863941
170 MET,0.503747
170 VAL,1.29762
170 SER,0.972296
170 PRO,4.80763
170 THR,0.737555
170 ALA,1.28059
170 TYR,1.90564
170 HIS,2.26332
170 GLN,0.489271
170 LYS,0.972679
170 ASP,2.9568
170 GLU,1.31729
170 CYS,1.24323
170 TRP,2.63194
170 ARG,-0.370573
170 GLY,1.8204
171 PHE,-0.0562107
171 LEU,-0.414519
171 ILE,0.972592
171 MET,-0.412789
171 VAL,1.51591
171 SER,-0.345594
171 PRO,4.24173
171 THR,0.927339
171 ALA,0.249419
171 TYR,0.265341
171 HIS,0.561219
171 GLN,0.542956
171 ASN,0.645257
171 LYS,0.355855
171 ASP,0.533135
171 CYS,0.836861
171 TRP,-0.215985
171 ARG,0.0618393
171 GLY,1.25856
172 PHE,14.47
172 LEU,5.57206
172 ILE,5.61043
172 MET,3.8682
172 VAL,2.57486
172 SER,0.433049
172 PRO,5.71959
172 THR,2.21023
172 TYR,15.3849
172 HIS,11.6361
172 GLN,6.07854
172 ASN,3.61756
172 LYS,8.59735
172 ASP,3.01614
172 GLU,5.19786
172 CYS,-0.175964
172 TRP,18.9503
172 ARG,8.17477
172 GLY,-0.00558455
173 PHE,-0.299728
173 LEU,-0.0623491
173 MET,-0.159387
173 VAL,0.46109
173 SER,0.567707
173 PRO,-1.2358
173 THR,0.841321
173 ALA,0.310835
173 TYR,-0.191913
173 HIS,0.362042
173 GLN,0.439741
173 ASN,1.0477
173 LYS,0.390007
173 ASP,0.415623
173 GLU,0.115248
173 CYS,0.683924
173 TRP,-0.0164411
173 ARG,0.517055
173 GLY,0.794041
174 PHE,1.07217
174 LEU,1.2798
174 ILE,1.34764
174 MET,0.947666
174 VAL,1.60844
174 SER,1.48694
174 THR,1.53701
174 ALA,1.28847
174 TYR,1.22542
174 HIS,1.51164
174 GLN,1.16387
174 ASN,1.54841
174 LYS,1.36737
174 ASP,0.967772
174 GLU,0.414718
174 CYS,1.60965
174 TRP,1.12497
174 ARG,1.58324
174 GLY,1.61519
175 PHE,1.54408
175 LEU,0.079716
175 ILE,3.12282
175 MET,-0.150738
175 VAL,3.3174
175 SER,0.369378
175 PRO,4.28191
175 THR,1.55841
175 ALA,0.879381
175 TYR,1.60381
175 HIS,-0.208651
175 GLN,0.1562
175 LYS,-0.00273423
175 ASP,0.0560845
175 GLU,-0.0880777
175 CYS,0.140936
175 TRP,1.52453
175 ARG,0.107054
175 GLY,-1.2716
176 PHE,1.84601
176 LEU,1.11174
176 ILE,3.22031
176 MET,1.00526
176 VAL,2.98507
176 SER,3.14124
176 PRO,7.11126
176 THR,3.11894
176 ALA,2.35507
176 TYR,3.57481
176 HIS,3.07278
176 GLN,2.03582
176 ASN,0.913887
176 LYS,2.48257
176 GLU,1.97477
176 CYS,2.28465
176 TRP,2.44277
176 ARG,2.41749
176 GLY,3.20217
177 PHE,0.590464
177 LEU,0.27792
177 ILE,0.708732
177 MET,0.533092
177 VAL,1.1814
177 SER,1.21038
177 PRO,0.0688206
177 THR,1.57407
177 ALA,0.758548
177 TYR,0.489179
177 HIS,1.1877
177 GLN,0.310971
177 ASN,0.99674
177 LYS,0.266855
177 ASP,0.5917
177 CYS,0.803962
177 TRP,0.285512
177 ARG,0.677827
177 GLY,1.41733
178 PHE,0.880444
178 LEU,1.28983
178 ILE,4.2423
178 MET,1.61097
178 VAL,3.60751
178 SER,1.62008
178 PRO,2.55715
178 THR,2.46955
178 ALA,1.66766
178 TYR,1.16469
178 HIS,1.61673
178 GLN,2.08286
178 ASN,2.57817
178 LYS,1.12738
178 ASP,4.77688
178 GLU,3.2681
178 CYS,2.27643
178 TRP,2.00226
178 GLY,3.38512
179 PHE,7.29528
179 LEU,5.26277
179 ILE,5.56791
179 MET,5.19405
179 VAL,3.27297
179 SER,3.90239
179 PRO,7.62284
179 THR,3.36561
179 ALA,2.93851
179 TYR,7.46222
179 HIS,7.60394
179 GLN,6.21789
179 ASN,0.205472
179 LYS,9.45725
179 GLU,8.54669
179 CYS,2.33155
179 TRP,21.1294
179 ARG,14.9455
179 GLY,1.90964
180 PHE,3.65528
180 LEU,2.61381
180 ILE,5.96953
180 MET,1.31525
180 VAL,1.82906
180 SER,1.56437
180 PRO,11.2119
180 ALA,2.684
180 TYR,4.47872
180 HIS,4.10779
180 GLN,4.86834
180 ASN,4.01439
180 LYS,2.33332
180 ASP,4.54625
180 GLU,4.189
180 CYS,2.20423
180 TRP,4.77152
180 ARG,2.80922
180 GLY,3.4992
181 PHE,26.9956
181 LEU,4.06027
181 ILE,2.38412
181 MET,5.75287
181 VAL,3.47398
181 SER,1.71386
181 PRO,6.22071
181 ALA,2.63096
181 TYR,15.005
181 HIS,18.1262
181 GLN,6.26299
181 ASN,4.79444
181 LYS,17.465
181 ASP,4.63665
181 GLU,9.94916
181 CYS,1.58194
181 TRP,18.4773
181 ARG,16.04
181 GLY,3.58141
182 PHE,6.37407
182 LEU,0.747431
182 ILE,1.23753
182 VAL,1.56896
182 SER,1.84806
182 PRO,3.2286
182 THR,0.243921
182 ALA,1.78685
182 TYR,6.81294
182 HIS,4.89326
182 GLN,2.15048
182 ASN,2.52225
182 LYS,1.12501
182 ASP,2.63555
182 GLU,2.14931
182 CYS,1.75947
182 TRP,5.30709
182 ARG,2.34115
182 GLY,2.77177
183 PHE,21.7014
183 LEU,6.27867
183 ILE,5.69688
183 MET,4.28303
183 VAL,4.37928
183 SER,5.46688
183 THR,4.73304
183 ALA,3.4309
183 TYR,26.9227
183 HIS,17.5292
183 GLN,6.00504
183 ASN,5.63273
183 LYS,13.1751
183 ASP,5.49907
183 GLU,4.85834
183 CYS,3.86375
183 TRP,35.542
183 ARG,16.5198
183 GLY,4.99107
184 PHE,-1.05324
184 LEU,-1.52717
184 ILE,-1.62661
184 MET,-1.68985
184 VAL,-0.867905
184 SER,0.758082
184 PRO,5.91151
184 THR,0.592578
184 TYR,-0.818827
184 HIS,0.0454141
184 GLN,-0.0582438
184 ASN,0.654465
184 LYS,-0.844206
184 ASP,1.2488
184 GLU,0.21386
184 CYS,0.388728
184 TRP,-0.621731
184 ARG,-0.329062
184 GLY,1.54031
185 PHE,10.6274
185 LEU,1.6569
185 ILE,4.17989
185 MET,1.64827
185 VAL,4.13139
185 SER,1.90704
185 PRO,0.196267
185 THR,2.68502
185 TYR,12.2872
185 HIS,9.68351
185 GLN,3.03423
185 ASN,5.28942
185 LYS,2.56121
185 ASP,6.48154
185 GLU,3.49932
185 CYS,3.23532
185 TRP,10.3742
185 ARG,1.95957
185 GLY,1.65948
186 PHE,1.99056
186 LEU,0.308186
186 ILE,2.91482
186 VAL,3.8381
186 SER,4.15628
186 PRO,12.4319
186 THR,4.07087
186 ALA,3.86136
186 TYR,6.19194
186 HIS,2.66309
186 GLN,2.84826
186 ASN,3.67562
186 LYS,2.38798
186 ASP,4.48421
186 GLU,3.68052
186 CYS,3.48201
186 TRP,8.47342
186 ARG,3.03377
186 GLY,5.45257
187 PHE,23.565
187 LEU,4.7211
187 ILE,3.69692
187 MET,5.53458
187 VAL,3.44307
187 SER,0.733818
187 PRO,7.08042
187 THR,3.02829
187 TYR,24.3393
187 HIS,19.8
187 GLN,8.92594
187 ASN,5.50661
187 LYS,9.527
187 ASP,6.56123
187 GLU,11.2523
187 CYS,3.5298
187 TRP,27.0068
187 ARG,13.0041
187 GLY,2.0597
188 PHE,-1.47127
188 LEU,-1.36188
188 ILE,-0.998696
188 MET,-1.59301
188 VAL,-0.361782
188 SER,-0.395701
188 PRO,2.15417
188 ALA,-0.486253
188 TYR,-1.59415
188 HIS,-0.933951
188 GLN,-0.587162
188 ASN,-0.652997
188 LYS,-1.26482
188 ASP,0.164362
188 GLU,-0.60871
188 CYS,-0.0213455
188 TRP,-1.21727
188 ARG,-1.42022
188 GLY,0.233858
189 PHE,2.06642
189 LEU,-2.04472
189 ILE,0.846124
189 MET,-2.11747
189 VAL,1.70258
189 SER,1.73607
189 PRO,6.02546
189 ALA,1.51205
189 TYR,3.10414
189 HIS,2.70372
189 GLN,2.17895
189 ASN,1.41046
189 LYS,0.0427186
189 ASP,4.72764
189 GLU,5.27011
189 CYS,1.24171
189 TRP,16.3204
189 ARG,6.85059
189 GLY,2.9138
190 PHE,2.52156
190 ILE,0.539764
190 MET,0.0373685
190 VAL,1.92173
190 SER,4.96741
190 PRO,9.25922
190 THR,2.95139
190 ALA,4.09245
190 TYR,3.16322
190 HIS,3.72835
190 GLN,3.17226
190 ASN,3.58797
190 LYS,4.7269
190 ASP,5.75976
190 GLU,5.0292
190 CYS,4.0677
190 TRP,4.78544
190 ARG,4.71553
190 GLY,5.94681
191 PHE,1.04089
191 LEU,0.0672879
191 ILE,1.95455
191 MET,-0.740936
191 VAL,0.192949
191 SER,2.09868
191 PRO,4.96333
191 THR,2.66519
191 ALA,0.759031
191 TYR,0.863076
191 HIS,1.50929
191 GLN,0.85654
191 ASN,0.148251
191 LYS,-1.51523
191 ASP,3.45301
191 GLU,1.85051
191 CYS,0.850422
191 TRP,1.21163
191 GLY,2.77787
192 PHE,-0.14261
192 LEU,-0.501225
192 ILE,-0.126958
192 MET,-0.299984
192 VAL,0.54108
192 SER,1.88772
192 PRO,4.78915
192 THR,1.3456
192 ALA,0.844607
192 TYR,0.167272
192 HIS,1.07024
192 GLN,0.800453
192 ASN,1.12143
192 ASP,1.74251
192 GLU,0.717302
192 CYS,1.19434
192 TRP,-0.241626
192 ARG,0.558831
192 GLY,2.22564
193 PHE,3.863
193 ILE,0.853286
193 MET,0.280624
193 VAL,1.80768
193 SER,4.50903
193 PRO,8.89849
193 THR,3.09226
193 ALA,4.13826
193 TYR,11.1216
193 HIS,3.76011
193 GLN,3.84942
193 ASN,4.09233
193 LYS,3.5806
193 ASP,5.7501
193 GLU,4.83201
193 CYS,4.02359
193 TRP,9.70764
193 ARG,6.48721
193 GLY,5.948
194 PHE,0.911394
194 ILE,1.35911
194 MET,0.342739
194 VAL,2.46566
194 SER,4.74276
194 PRO,7.19702
194 THR,3.79294
194 ALA,3.88744
194 TYR,2.60873
194 HIS,2.41494
194 GLN,2.80619
194 ASN,2.78135
194 LYS,3.50009
194 ASP,5.24893
194 GLU,4.4255
194 CYS,3.16871
194 TRP,1.22843
194 ARG,3.5165
194 GLY,5.01067
195 PHE,-0.339079
195 LEU,-0.410504
195 ILE,-0.500392
195 MET,-1.11984
195 VAL,0.640075
195 SER,0.383582
195 PRO,4.27427
195 ALA,1.43565
195 TYR,0.129382
195 HIS,0.635443
195 GLN,0.0334193
195 ASN,1.08255
195 LYS,0.484691
195 ASP,1.07266
195 GLU,0.412207
195 CYS,0.838527
195 TRP,1.12325
195 ARG,-0.311555
195 GLY,2.24336
196 PHE,2.33703
196 LEU,2.32766
196 ILE,4.97724
196 MET,2.77225
196 VAL,5.36891
196 SER,2.80126
196 PRO,10.6485
196 THR,4.96523
196 ALA,2.70131
196 TYR,2.56297
196 HIS,3.95412
196 GLN,3.13972
196 ASN,2.26695
196 LYS,2.97012
196 ASP,1.93012
196 GLU,2.99736
196 CYS,2.8496
196 TRP,3.56284
196 ARG,3.21915
197 PHE,0.314441
197 LEU,0.243046
197 ILE,0.618154
197 MET,0.3703
197 VAL,0.500599
197 SER,0.292925
197 PRO,-0.202358
197 THR,0.50455
197 ALA,0.341316
197 TYR,0.340248
197 HIS,0.496826
197 GLN,0.00479794
197 ASN,0.151414
197 LYS,0.387545
197 ASP,-0.134423
197 CYS,0.411986
197 TRP,0.498181
197 ARG,0.362097
197 GLY,0.248417
198 PHE,1.78053
198 ILE,0.238319
198 MET,0.574196
198 VAL,1.2244
198 SER,3.44455
198 PRO,2.70413
198 THR,2.42258
198 ALA,2.63197
198 TYR,1.86039
198 HIS,2.58138
198 GLN,2.25926
198 ASN,2.88359
198 LYS,1.68385
198 ASP,3.7771
198 GLU,2.68898
198 CYS,2.07505
198 TRP,1.76755
198 ARG,1.91031
198 GLY,3.83102
199 PHE,-0.542346
199 ILE,1.6752
199 MET,0.0541825
199 VAL,2.88654
199 SER,4.40832
199 PRO,4.10198
199 THR,2.69487
199 ALA,3.9098
199 TYR,1.97483
199 HIS,1.82278
199 GLN,2.23473
199 ASN,3.20991
199 LYS,2.1823
199 ASP,6.19636
199 GLU,5.15092
199 CYS,3.19785
199 TRP,3.30285
199 ARG,8.0162
199 GLY,4.83279
200 PHE,-0.241885
200 LEU,-0.146052
200 ILE,0.25573
200 MET,-0.343512
200 VAL,0.612234
200 SER,-0.177126
200 PRO,0.949251
200 ALA,-0.124646
200 TYR,-0.228562
200 HIS,-0.0607641
200 GLN,0.107581
200 ASN,-0.4351
200 LYS,-0.550972
200 ASP,-2.98033
200 GLU,-2.413
200 CYS,0.530713
200 TRP,-0.117822
200 ARG,-0.765941
200 GLY,-0.0676002
201 PHE,-0.596901
201 ILE,-0.219028
201 MET,-0.316905
201 VAL,0.339247
201 SER,0.672961
201 PRO,-1.45685
201 THR,0.524974
201 ALA,0.180709
201 TYR,-0.436435
201 HIS,0.660705
201 GLN,-0.0897475
201 ASN,0.232585
201 LYS,0.223801
201 ASP,-1.12787
201 GLU,-0.960128
201 CYS,0.767961
201 TRP,-0.165201
201 ARG,0.464174
201 GLY,0.858042
202 PHE,-0.225491
202 LEU,-0.205846
202 ILE,-0.113387
202 MET,-0.445362
202 VAL,0.231113
202 SER,0.357509
202 PRO,-1.63085
202 THR,0.305271
202 TYR,-0.163444
202 HIS,0.343494
202 GLN,-0.39389
202 ASN,0.305932
202 LYS,-0.0203192
202 ASP,-0.331785
202 GLU,-1.18142
202 CYS,0.57814
202 TRP,-0.928741
202 ARG,-0.0683875
202 GLY,0.591404
203 PHE,3.1644
203 LEU,0.0462345
203 ILE,0.994854
203 MET,-0.386339
203 VAL,1.27826
203 PRO,2.62871
203 THR,2.15344
203 ALA,-0.00879822
203 TYR,8.72286
203 HIS,10.7059
203 GLN,2.13598
203 ASN,2.6637
203 LYS,1.64557
203 ASP,3.97809
203 GLU,3.10646
203 CYS,0.475651
203 TRP,14.1475
203 ARG,3.77998
203 GLY,1.85839
204 PHE,9.34105
204 LEU,0.911487
204 ILE,0.46566
204 MET,0.169128
204 VAL,0.865391
204 SER,1.6473
204 PRO,5.51143
204 THR,1.20494
204 ALA,1.42144
204 TYR,10.449
204 HIS,7.27352
204 GLN,1.90134
204 ASN,4.04181
204 LYS,0.0146959
204 ASP,5.3198
204 GLU,2.87334
204 CYS,1.53412
204 TRP,3.55396
204 GLY,2.68575
205 PHE,-0.175838
205 LEU,-0.629389
205 ILE,-0.47039
205 MET,-0.938753
205 VAL,0.418941
205 SER,0.498069
205 PRO,3.6939
205 THR,0.729243
205 ALA,0.382916
205 TYR,-0.257083
205 HIS,0.605707
205 ASN,0.883557
205 LYS,-0.0242027
205 ASP,0.865061
205 GLU,0.158967
205 CYS,0.892265
205 TRP,-0.000515861
205 ARG,0.326203
205 GLY,1.25386
206 PHE,0.577681
206 LEU,-0.753749
206 ILE,-0.0119991
206 MET,-0.206986
206 VAL,0.604655
206 SER,1.81094
206 PRO,4.19434
206 THR,1.17734
206 ALA,1.25343
206 TYR,0.844365
206 HIS,1.61772
206 ASN,0.581452
206 LYS,0.694147
206 ASP,2.80664
206 GLU,1.32418
206 CYS,1.55867
206 TRP,0.301672
206 ARG,0.819391
206 GLY,2.90422
207 PHE,5.3941
207 ILE,2.4986
207 MET,-0.180658
207 VAL,2.25872
207 SER,4.2062
207 PRO,8.17217
207 THR,3.38522
207 ALA,3.59568
207 TYR,7.61207
207 HIS,4.56606
207 GLN,2.71238
207 ASN,4.19962
207 LYS,4.02867
207 ASP,5.49962
207 GLU,4.73461
207 CYS,3.41097
207 TRP,3.51457
207 ARG,7.50689
207 GLY,5.12233
208 PHE,-0.436262
208 LEU,-0.283914
208 MET,-0.826759
208 VAL,0.689634
208 SER,2.55126
208 PRO,4.94838
208 THR,2.25833
208 ALA,2.12171
208 TYR,0.727405
208 HIS,1.78625
208 GLN,1.72719
208 ASN,2.15001
208 LYS,1.13616
208 ASP,3.57538
208 GLU,2.31653
208 CYS,2.25468
208 TRP,1.37105
208 ARG,0.159411
208 GLY,3.3534
209 PHE,-0.837279
209 LEU,-1.25515
209 ILE,-0.944165
209 MET,-0.740894
209 VAL,-0.375157
209 SER,0.050398
209 PRO,3.36721
209 THR,0.596679
209 ALA,-0.634407
209 TYR,-0.618431
209 HIS,-0.210326
209 GLN,-0.746748
209 ASN,0.259938
209 LYS,-0.780793
209 GLU,-0.903755
209 CYS,0.32337
209 TRP,-0.719891
209 ARG,-0.542363
209 GLY,0.529741
210 PHE,1.56342
210 LEU,1.83213
210 ILE,3.88048
210 MET,1.27148
210 VAL,4.2944
210 SER,4.52576
210 PRO,7.36362
210 THR,3.59448
210 ALA,4.1298
210 TYR,2.96355
210 HIS,4.30459
210 GLN,4.63359
210 ASN,5.17686
210 LYS,4.43722
210 ASP,6.45295
210 GLU,5.48346
210 CYS,4.62524
210 ARG,4.49379
210 GLY,5.7087
211 PHE,6.36281
211 LEU,0.80213
211 ILE,5.65504
211 VAL,5.33006
211 SER,4.61155
211 PRO,6.9092
211 THR,4.44946
211 ALA,4.25877
211 TYR,16.39
211 HIS,6.62251
211 GLN,3.82747
211 ASN,4.17455
211 LYS,3.89989
211 ASP,7.3819
211 GLU,5.66604
211 CYS,4.1207
211 TRP,15.2939
211 ARG,3.13373
211 GLY,5.61831
212 PHE,-0.674749
212 LEU,-1.1701
212 ILE,0.0915871
212 MET,-1.06962
212 VAL,-0.19881
212 SER,-0.219156
212 PRO,3.84254
212 THR,-0.236391
212 ALA,-0.537686
212 TYR,-0.584812
212 HIS,-0.88049
212 GLN,-0.796069
212 ASN,-0.582901
212 LYS,-0.949595
212 ASP,1.04695
212 CYS,-0.112395
212 TRP,-0.57451
212 ARG,-0.809012
212 GLY,0.844381
213 PHE,-0.570847
213 LEU,-0.25617
213 ILE,2.17864
213 MET,-0.381981
213 VAL,2.62692
213 SER,-0.276868
213 PRO,2.81425
213 THR,0.696865
213 TYR,-1.41513
213 HIS,-0.86275
213 GLN,0.21498
213 ASN,-0.610534
213 LYS,-1.02838
213 ASP,0.718167
213 GLU,0.631988
213 CYS,0.514863
213 TRP,0.0983979
213 ARG,-1.32289
213 GLY,-0.395414
214 PHE,-0.325237
214 LEU,-3.25162
214 ILE,0.435443
214 MET,-2.88277
214 VAL,-1.73581
214 SER,-3.31282
214 PRO,4.23192
214 THR,-2.60778
214 ALA,-3.36815
214 TYR,5.91316
214 HIS,-1.7912
214 GLN,-0.864402
214 ASN,-3.00637
214 LYS,1.84685
214 GLU,-0.425547
214 CYS,-3.07327
214 TRP,10.1015
214 ARG,4.28396
214 GLY,-2.02157
215 PHE,0.761316
215 LEU,0.54099
215 ILE,1.43868
215 MET,0.617625
215 VAL,1.7835
215 SER,1.36804
215 PRO,5.41144
215 THR,0.975604
215 ALA,1.6426
215 TYR,0.856095
215 HIS,0.290525
215 GLN,0.425856
215 ASN,0.827545
215 ASP,1.53534
215 GLU,1.521
215 CYS,1.21716
215 TRP,1.46695
215 ARG,0.0318254
215 GLY,2.20244
216 PHE,-0.490388
216 LEU,-1.10789
216 ILE,-0.916715
216 MET,-0.810153
216 SER,0.771191
216 PRO,3.65043
216 THR,0.588364
216 ALA,0.50867
216 TYR,-0.431862
216 HIS,0.374579
216 GLN,0.128518
216 ASN,0.152597
216 LYS,-0.960736
216 ASP,0.629145
216 GLU,0.301276
216 CYS,0.164821
216 TRP,-0.3894
216 ARG,-0.594292
216 GLY,1.06969
217 PHE,22.0775
217 LEU,5.54967
217 ILE,4.05719
217 MET,7.32388
217 VAL,1.52066
217 SER,0.279138
217 PRO,4.70272
217 THR,0.430172
217 TYR,18.1097
217 HIS,17.1298
217 GLN,10.8586
217 ASN,5.65586
217 LYS,9.77798
217 ASP,8.97255
217 GLU,8.86435
217 CYS,0.763223
217 TRP,32.5287
217 ARG,14.7612
217 GLY,1.04069
218 PHE,-0.742187
218 LEU,-0.589789
218 ILE,-0.471079
218 MET,-0.76754
218 VAL,-0.214397
218 SER,0.00454085
218 PRO,-0.950592
218 THR,-0.176519
218 ALA,-0.360719
218 TYR,-0.668855
218 HIS,-0.134199
218 GLN,-0.691073
218 ASN,-0.15093
218 LYS,-1.0385
218 ASP,-0.274464
218 GLU,-0.600028
218 CYS,-0.0252674
218 TRP,-0.642063
218 ARG,-1.1762
219 PHE,0.987072
219 LEU,0.652044
219 ILE,1.4682
219 MET,1.05513
219 VAL,1.6694
219 SER,1.2742
219 THR,2.32557
219 ALA,0.969628
219 TYR,0.955321
219 HIS,1.29701
219 GLN,0.633965
219 ASN,0.872108
219 LYS,0.813485
219 ASP,0.578859
219 GLU,0.152705
219 CYS,1.03342
219 TRP,1.23483
219 ARG,0.967915
219 GLY,1.09692
220 PHE,4.42188
220 ILE,2.22832
220 MET,0.0348772
220 VAL,3.33297
220 SER,3.23342
220 PRO,5.28028
220 THR,3.0964
220 ALA,3.26243
220 TYR,9.67889
220 HIS,2.90819
220 GLN,2.64928
220 ASN,3.92308
220 LYS,5.3821
220 ASP,4.27835
220 GLU,2.30287
220 CYS,3.34835
220 TRP,11.7017
220 ARG,7.44528
220 GLY,3.86323
221 PHE,2.03414
221 ILE,0.714327
221 MET,-0.257441
221 VAL,1.93595
221 SER,4.34913
221 PRO,1.35264
221 THR,3.65576
221 ALA,3.406
221 TYR,5.92798
221 HIS,3.69559
221 GLN,2.88275
221 ASN,4.00712
221 LYS,3.34603
221 ASP,5.17788
221 GLU,4.39928
221 CYS,3.20522
221 TRP,8.52607
221 ARG,4.98779
221 GLY,4.66833
222 PHE,4.07261
222 LEU,3.37407
222 ILE,3.68003
222 MET,3.40177
222 VAL,4.16719
222 SER,4.51885
222 PRO,2.68739
222 THR,5.29366
222 ALA,4.01423
222 TYR,3.70907
222 HIS,4.28119
222 GLN,3.35864
222 ASN,4.64182
222 LYS,2.19515
222 ASP,5.32561
222 GLU,4.43472
222 CYS,4.36294
222 TRP,4.04896
222 GLY,4.78688
223 PHE,0.239084
223 LEU,0.204199
223 ILE,0.872895
223 MET,0.242989
223 VAL,1.10194
223 PRO,3.59106
223 THR,1.02984
223 ALA,0.234852
223 TYR,0.235745
223 HIS,0.901472
223 GLN,0.399192
223 ASN,0.274655
223 LYS,0.243198
223 ASP,0.544361
223 GLU,0.311664
223 CYS,0.626364
223 TRP,0.204861
223 ARG,0.36288
223 GLY,0.790283
224 PHE,12.455
224 LEU,4.36221
224 ILE,5.33495
224 MET,0.702781
224 VAL,0.904154
224 SER,-0.0631541
224 PRO,1.87336
224 THR,0.320262
224 TYR,13.7397
224 HIS,12.7341
224 GLN,1.30399
224 ASN,4.50031
224 LYS,1.81443
224 ASP,6.20435
224 GLU,2.06436
224 CYS,0.676781
224 TRP,16.8087
224 ARG,2.98905
224 GLY,0.970389
225 PHE,5.70261
225 ILE,-0.476135
225 MET,-0.536443
225 VAL,0.364355
225 SER,2.14394
225 PRO,5.98703
225 THR,1.15064
225 ALA,2.56656
225 TYR,5.59703
225 HIS,3.24155
225 GLN,2.25232
225 ASN,2.9203
225 LYS,0.99392
225 ASP,4.8653
225 GLU,3.68744
225 CYS,2.10005
225 TRP,5.08195
225 ARG,1.62742
225 GLY,3.77337
226 PHE,2.08578
226 LEU,1.87615
226 ILE,2.57432
226 MET,1.77252
226 VAL,3.24234
226 SER,2.73227
226 THR,3.68331
226 ALA,2.38367
226 TYR,2.29456
226 HIS,2.81479
226 GLN,2.30124
226 ASN,2.88059
226 LYS,1.87495
226 ASP,2.64632
226 GLU,2.40155
226 CYS,2.65397
226 TRP,1.69376
226 ARG,1.5306
226 GLY,2.91155
227 PHE,0.0963658
227 LEU,0.16538
227 ILE,0.285757
227 MET,0.179243
227 VAL,0.131689
227 SER,0.17098
227 PRO,-1.02149
227 THR,0.123384
227 TYR,0.108246
227 HIS,0.197297
227 GLN,0.260355
227 ASN,0.262721
227 LYS,0.0981611
227 ASP,0.127349
227 GLU,-0.281049
227 CYS,0.239337
227 TRP,0.125428
227 ARG,0.115931
227 GLY,0.28674
228 PHE,3.51316
228 LEU,3.63936
228 ILE,4.42969
228 MET,3.41526
228 VAL,4.6025
228 SER,3.90238
228 PRO,6.42693
228 THR,4.66111
228 ALA,2.40324
228 TYR,3.55141
228 HIS,3.80427
228 GLN,3.69628
228 ASN,2.46953
228 LYS,3.60203
228 ASP,3.9255
228 GLU,3.78441
228 CYS,2.39312
228 TRP,3.66384
228 ARG,3.53066
229 PHE,2.14304
229 LEU,2.00075
229 ILE,6.77764
229 MET,1.76755
229 VAL,6.28868
229 SER,4.95885
229 PRO,7.95731
229 THR,5.83242
229 ALA,4.87501
229 TYR,2.27816
229 HIS,4.83726
229 GLN,5.21186
229 ASN,5.84088
229 LYS,4.33278
229 ASP,7.0631
229 GLU,6.29405
229 CYS,5.08526
229 ARG,3.90629
229 GLY,6.07395
230 LEU,1.34425
230 ILE,3.79768
230 MET,0.927716
230 VAL,3.98199
230 SER,4.04313
230 PRO,8.03703
230 THR,5.62253
230 ALA,3.3127
230 TYR,1.60099
230 HIS,3.12658
230 GLN,3.04542
230 ASN,3.46059
230 LYS,2.59361
230 ASP,4.70674
230 GLU,4.0401
230 CYS,3.37498
230 TRP,1.95092
230 ARG,2.79323
230 GLY,4.09024
231 PHE,5.06187
231 LEU,-0.271032
231 MET,-0.341815
231 VAL,1.15581
231 SER,2.93356
231 PRO,3.32647
231 THR,2.24088
231 ALA,3.08334
231 TYR,7.18284
231 HIS,4.43621
231 GLN,2.57963
231 ASN,4.04966
231 LYS,3.56609
231 ASP,6.22184
231 GLU,5.86128
231 CYS,2.55229
231 TRP,10.5618
231 ARG,4.13028
231 GLY,4.44859
232 PHE,18.1166
232 LEU,3.0185
232 ILE,-0.258385
232 MET,-0.272848
232 VAL,-0.0118717
232 SER,0.399555
232 PRO,4.79846
232 THR,2.28808
232 TYR,19.9601
232 HIS,13.0408
232 GLN,2.07618
232 ASN,6.95235
232 LYS,2.74366
232 ASP,7.97516
232 GLU,3.48304
232 CYS,1.08904
232 TRP,27.5208
232 ARG,5.50629
232 GLY,1.77072
233 PHE,1.05711
233 LEU,-0.695128
233 ILE,-0.0649698
233 MET,-1.54687
233 VAL,0.326804
233 SER,-1.50845
233 PRO,-1.65306
233 THR,0.237353
233 ALA,-1.29115
233 TYR,3.66886
233 HIS,4.69818
233 GLN,0.671669
233 ASN,-1.91783
233 LYS,3.1587
233 GLU,2.98096
233 CYS,-2.58677
233 TRP,6.73984
233 ARG,3.53194
233 GLY,-0.790967
234 PHE,5.43206
234 LEU,1.77058
234 ILE,3.87864
234 MET,1.73197
234 VAL,4.46001
234 SER,3.39749
234 PRO,7.16577
234 THR,2.99928
234 ALA,3.03239
234 TYR,11.235
234 HIS,3.89749
234 GLN,3.74201
234 ASN,2.92571
234 ASP,6.7735
234 GLU,7.09881
234 CYS,2.85189
234 TRP,15.9839
234 ARG,3.59084
234 GLY,4.32549
235 PHE,2.70845
235 LEU,1.35684
235 ILE,2.32302
235 MET,-0.00311413
235 VAL,1.15725
235 PRO,-0.337885
235 THR,-0.198525
235 ALA,1.48493
235 TYR,5.96674
235 HIS,5.17093
235 GLN,1.62387
235 ASN,2.37507
235 LYS,1.69898
235 ASP,1.9287
235 GLU,1.35486
235 CYS,1.45127
235 TRP,6.52645
235 ARG,1.98492
235 GLY,1.74737
236 PHE,29.4284
236 LEU,14.5192
236 ILE,14.7164
236 MET,10.9351
236 VAL,12.7429
236 SER,1.23191
236 PRO,7.58509
236 THR,6.67275
236 ALA,0.659239
236 TYR,28.8645
236 HIS,25.1409
236 GLN,8.98196
236 ASN,10.1038
236 LYS,17.1412
236 ASP,11.2361
236 GLU,11.1243
236 CYS,2.99389
236 TRP,43.0891
236 ARG,29.3125
237 PHE,0.152467
237 LEU,-0.102748
237 ILE,-0.213764
237 MET,-0.424819
237 VAL,0.266533
237 SER,1.16793
237 PRO,0.952244
237 THR,1.20798
237 TYR,0.219716
237 HIS,0.368317
237 GLN,0.627593
237 ASN,0.972711
237 LYS,0.520871
237 ASP,0.533848
237 GLU,-0.692683
237 CYS,0.312547
237 TRP,-0.808136
237 ARG,0.261316
237 GLY,1.24278
238 PHE,34.1136
238 LEU,12.8167
238 ILE,12.2135
238 MET,11.3151
238 VAL,11.7064
238 SER,6.50172
238 PRO,11.6505
238 THR,10.996
238 ALA,2.72931
238 TYR,41.263
238 HIS,31.6616
238 GLN,13.4884
238 ASN,12.7032
238 LYS,14.5804
238 ASP,15.0956
238 GLU,15.3131
238 CYS,5.27278
238 TRP,55.08
238 ARG,20.7837
240 PHE,0.492372
240 LEU,0.361359
240 ILE,1.18172
240 MET,0.212666
240 VAL,1.57384
240 SER,1.00093
240 PRO,2.86151
240 THR,0.869819
240 ALA,0.661046
240 TYR,0.633809
240 HIS,0.899431
240 GLN,0.530567
240 ASN,0.42173
240 LYS,0.64541
240 ASP,-0.787317
240 CYS,0.802347
240 TRP,0.483905
240 ARG,1.0558
240 GLY,1.29776
241 PHE,0.503698
241 LEU,0.436998
241 ILE,2.70529
241 MET,0.469313
241 VAL,2.44815
241 SER,1.68962
241 PRO,5.52714
241 THR,2.49352
241 ALA,1.10517
241 TYR,0.558956
241 HIS,0.358723
241 GLN,0.552284
241 ASN,0.437367
241 LYS,0.358497
241 ASP,1.23432
241 GLU,1.04242
241 CYS,1.1273
241 TRP,0.63012
241 GLY,0.400538
242 PHE,36.8959
242 LEU,26.8094
242 ILE,27.0391
242 MET,23.0644
242 VAL,22.5035
242 SER,18.575
242 PRO,17.9447
242 THR,23.0047
242 ALA,9.80202
242 TYR,38.4168
242 HIS,37.8966
242 GLN,26.8161
242 ASN,22.0526
242 LYS,27.3603
242 ASP,23.2375
242 GLU,23.5307
242 CYS,15.7731
242 TRP,55.3906
242 ARG,24.6319
243 PHE,8.96621
243 LEU,1.49768
243 ILE,3.69818
243 MET,2.01374
243 VAL,1.85394
243 PRO,5.42864
243 THR,1.44093
243 ALA,-1.0622
243 TYR,16.7529
243 HIS,14.2612
243 GLN,5.56149
243 ASN,2.47331
243 LYS,5.4651
243 ASP,2.91125
243 GLU,4.8148
243 CYS,0.870044
243 TRP,29.1082
243 ARG,14.5995
243 GLY,0.677676
244 PHE,1.14251
244 LEU,-0.217046
244 ILE,-0.154938
244 MET,-0.348327
244 VAL,0.569714
244 SER,1.81956
244 PRO,5.70862
244 THR,1.44266
244 ALA,3.55712
244 TYR,3.01921
244 HIS,1.49479
244 GLN,1.92761
244 ASN,2.27856
244 LYS,1.87543
244 ASP,2.13725
244 GLU,2.74045
244 CYS,1.87731
244 TRP,2.46659
244 GLY,3.01837
245 PHE,30.387
245 LEU,11.8073
245 ILE,12.6666
245 MET,9.71445
245 VAL,8.56243
245 SER,4.83678
245 PRO,9.71954
245 THR,3.92588
245 ALA,4.15037
245 TYR,26.0473
245 HIS,22.8787
245 GLN,13.6374
245 ASN,7.20457
245 LYS,20.8992
245 ASP,6.89125
245 GLU,11.7198
245 CYS,4.0817
245 TRP,52.0121
245 ARG,26.6704
246 PHE,9.19048
246 LEU,0.877818
246 MET,1.17856
246 VAL,0.80791
246 SER,3.62264
246 PRO,5.57273
246 THR,2.62523
246 ALA,3.86191
246 TYR,13.3163
246 HIS,10.2767
246 GLN,2.93004
246 ASN,4.30124
246 LYS,3.21218
246 ASP,5.6478
246 GLU,5.13933
246 CYS,2.86861
246 TRP,11.2961
246 ARG,6.35844
246 GLY,5.32477
247 PHE,15.1141
247 LEU,1.82444
247 MET,0.363545
247 VAL,1.13305
247 SER,5.51383
247 PRO,5.76027
247 THR,3.50062
247 ALA,4.25901
247 TYR,11.7485
247 HIS,11.0039
247 GLN,3.05688
247 ASN,4.61732
247 LYS,3.31919
247 ASP,5.9913
247 GLU,5.51072
247 CYS,3.59347
247 TRP,16.3044
247 ARG,2.89833
247 GLY,6.04327
248 PHE,12.078
248 LEU,1.3288
248 ILE,2.18738
248 MET,1.394
248 VAL,0.0791946
248 SER,0.45424
248 PRO,5.97272
248 THR,1.15146
248 TYR,16.6188
248 HIS,20.1513
248 GLN,7.6712
248 ASN,6.02633
248 LYS,6.6735
248 ASP,7.84391
248 GLU,3.80325
248 CYS,1.69521
248 TRP,35.6373
248 ARG,10.5793
248 GLY,1.77001
249 PHE,0.705983
249 LEU,-0.917267
249 ILE,-1.646
249 MET,-0.971595
249 VAL,-2.22364
249 SER,1.24852
249 PRO,1.92398
249 THR,-0.795038
249 TYR,1.28536
249 HIS,8.3605
249 GLN,1.89583
249 ASN,1.97819
249 LYS,2.94971
249 ASP,3.11046
249 GLU,2.80758
249 CYS,-0.751201
249 TRP,16.5528
249 ARG,3.30394
249 GLY,1.90715
250 PHE,8.31141
250 ILE,2.64085
250 MET,-0.400133
250 VAL,3.24058
250 SER,3.1166
250 PRO,4.92281
250 THR,1.75401
250 ALA,3.5798
250 TYR,9.83907
250 HIS,5.41684
250 GLN,3.46948
250 ASN,3.9079
250 LYS,3.21252
250 ASP,5.98886
250 GLU,5.04019
250 CYS,2.85523
250 TRP,10.659
250 ARG,3.92399
250 GLY,4.86348
251 PHE,11.6878
251 LEU,16.229
251 ILE,21.4125
251 MET,11.6952
251 VAL,15.9736
251 SER,8.389
251 PRO,18.9406
251 THR,17.0063
251 ALA,6.83624
251 TYR,13.0229
251 HIS,17.6146
251 GLN,13.0404
251 ASN,10.3748
251 LYS,13.1547
251 ASP,11.2931
251 GLU,14.2824
251 CYS,7.97296
251 TRP,15.669
251 ARG,15.7462
252 PHE,0.638457
252 LEU,1.58009
252 ILE,1.63589
252 MET,0.776561
252 VAL,2.25078
252 SER,1.52574
252 THR,2.25105
252 ALA,1.538
252 TYR,1.77105
252 HIS,1.48353
252 GLN,1.18155
252 ASN,1.96512
252 LYS,0.909936
252 ASP,2.40157
252 GLU,1.09746
252 CYS,1.56215
252 TRP,1.6821
252 ARG,1.11487
252 GLY,2.10637
254 PHE,-0.631106
254 LEU,-0.177573
254 ILE,0.710956
254 MET,-0.353162
254 VAL,0.931646
254 SER,0.120345
254 PRO,3.40281
254 THR,0.936196
254 ALA,0.307231
254 TYR,-0.482245
254 HIS,-0.121369
254 GLN,-0.131558
254 ASN,0.0529264
254 LYS,-0.317253
254 GLU,-0.108198
254 CYS,0.000501332
254 TRP,-0.66287
254 ARG,-0.408646
254 GLY,-0.325969
255 PHE,1.76099
255 LEU,1.78221
255 ILE,3.85505
255 MET,1.67784
255 VAL,3.05644
255 SER,2.06215
255 PRO,4.83722
255 THR,2.92058
255 ALA,2.41793
255 TYR,1.87426
255 HIS,2.22146
255 GLN,1.88129
255 ASN,1.32393
255 LYS,1.62317
255 ASP,2.07123
255 GLU,2.12358
255 CYS,2.06436
255 TRP,2.00866
255 ARG,1.73915
256 PHE,-0.167534
256 LEU,0.468734
256 ILE,0.0238542
256 MET,0.173736
256 VAL,0.495784
256 SER,0.706557
256 PRO,5.7429
256 THR,0.257735
256 ALA,1.17031
256 TYR,0.339543
256 HIS,0.730773
256 GLN,0.365883
256 ASN,0.820755
256 ASP,1.19227
256 GLU,0.495633
256 CYS,0.802548
256 TRP,0.73486
256 ARG,-0.0896498
256 GLY,1.38073
257 PHE,2.00137
257 LEU,1.10022
257 ILE,1.18376
257 MET,-1.03057
257 VAL,2.07159
257 SER,3.33757
257 THR,3.12324
257 ALA,2.0267
257 TYR,1.86999
257 HIS,3.59845
257 GLN,1.80173
257 ASN,3.96441
257 LYS,1.95921
257 ASP,4.70128
257 GLU,1.58232
257 CYS,2.67999
257 TRP,0.87504
257 ARG,2.10723
257 GLY,3.72253
258 PHE,-0.482945
258 LEU,-0.750464
258 ILE,-0.964954
258 MET,-0.526251
258 VAL,-0.313797
258 PRO,3.75262
258 THR,0.902085
258 ALA,0.392474
258 TYR,-0.288265
258 HIS,0.365701
258 GLN,-0.522394
258 ASN,0.0811107
258 LYS,-0.159013
258 ASP,1.01809
258 GLU,0.0693052
258 CYS,0.305155
258 TRP,0.281951
258 ARG,-0.952895
258 GLY,0.74955
259 PHE,0.379933
259 LEU,0.117587
259 ILE,1.14653
259 MET,-0.0585273
259 VAL,1.12098
259 SER,2.68498
259 PRO,6.40944
259 THR,2.69876
259 ALA,1.93682
259 TYR,0.929437
259 HIS,2.1535
259 GLN,1.30881
259 ASN,2.16037
259 LYS,0.710671
259 ASP,5.65726
259 GLU,4.2883
259 CYS,1.72936
259 TRP,1.12209
259 GLY,3.35335
260 PHE,2.68724
260 LEU,0.199886
260 MET,1.3971
260 VAL,1.28427
260 SER,5.19709
260 PRO,4.99984
260 THR,3.74643
260 ALA,4.37555
260 TYR,7.0327
260 HIS,3.96543
260 GLN,5.21842
260 ASN,3.68282
260 LYS,5.59078
260 ASP,5.99333
260 GLU,5.74573
260 CYS,3.79661
260 TRP,18.6144
260 ARG,8.22226
260 GLY,6.29761
261 PHE,3.93361
261 LEU,-0.215734
261 ILE,-0.0788926
261 MET,0.661117
261 SER,4.47417
261 PRO,3.9058
261 THR,2.4269
261 ALA,3.14866
261 TYR,3.12742
261 HIS,3.6112
261 GLN,2.81243
261 ASN,2.79039
261 LYS,4.55273
261 ASP,5.22043
261 GLU,7.22956
261 CYS,2.42188
261 TRP,8.14287
261 ARG,8.01962
261 GLY,5.13842
262 PHE,12.1481
262 LEU,3.9903
262 ILE,-0.447976
262 MET,2.42859
262 SER,4.69439
262 PRO,3.34656
262 THR,2.64572
262 ALA,3.44628
262 TYR,11.9054
262 HIS,8.54113
262 GLN,6.63327
262 ASN,4.52473
262 LYS,7.94045
262 ASP,4.77415
262 GLU,6.84939
262 CYS,2.7175
262 TRP,25.8486
262 ARG,12.3342
262 GLY,5.52667
263 PHE,4.83881
263 LEU,1.14941
263 MET,0.445493
263 VAL,1.38269
263 SER,5.37361
263 PRO,8.16745
263 THR,3.3909
263 ALA,4.77361
263 TYR,4.22731
263 HIS,4.71152
263 GLN,3.72547
263 ASN,4.90833
263 LYS,4.98166
263 ASP,5.64726
263 GLU,5.45072
263 CYS,3.86799
263 TRP,9.15024
263 ARG,6.24569
263 GLY,6.81092
264 PHE,0.434711
264 LEU,2.45378
264 ILE,3.54616
264 MET,2.09977
264 VAL,4.16457
264 SER,5.52726
264 PRO,5.12233
264 THR,4.29507
264 ALA,5.88767
264 HIS,3.77014
264 GLN,4.59069
264 ASN,5.50391
264 LYS,4.01096
264 ASP,6.86789
264 GLU,6.14402
264 CYS,5.13006
264 TRP,5.77593
264 ARG,6.85512
264 GLY,6.96205
265 PHE,-3.21391
265 LEU,-2.33302
265 ILE,-4.75303
265 MET,-3.78815
265 VAL,-3.23935
265 SER,-1.16673
265 PRO,1.4927
265 ALA,-1.46095
265 TYR,0.0381278
265 HIS,-2.41017
265 GLN,-1.03303
265 ASN,-0.839373
265 LYS,-0.579866
265 ASP,0.120982
265 GLU,-0.819688
265 CYS,-1.95899
265 TRP,2.84539
265 ARG,2.67716
265 GLY,-0.389173
266 PHE,-0.361386
266 LEU,-0.112702
266 ILE,-0.995739
266 MET,-0.533383
266 VAL,-0.214149
266 SER,0.501625
266 PRO,0.28438
266 ALA,-0.0712146
266 TYR,1.99714
266 HIS,3.33993
266 GLN,0.820696
266 ASN,1.54397
266 LYS,1.7884
266 ASP,0.684602
266 GLU,-0.18279
266 CYS,0.00779189
266 TRP,-0.498913
266 ARG,1.38806
266 GLY,1.08777
267 PHE,3.28022
267 LEU,3.3012
267 ILE,4.85101
267 MET,2.56771
267 VAL,5.48617
267 SER,4.04935
267 PRO,9.08819
267 THR,5.96065
267 ALA,3.92342
267 TYR,3.19303
267 HIS,3.9338
267 GLN,3.15949
267 ASN,3.82281
267 LYS,3.00083
267 ASP,3.77384
267 GLU,3.1359
267 CYS,4.15555
267 TRP,3.21862
267 ARG,3.23976
268 PHE,18.7993
268 LEU,5.07232
268 ILE,6.00188
268 MET,4.81166
268 VAL,3.83499
268 PRO,1.3588
268 THR,-0.667958
268 ALA,0.806595
268 TYR,21.6817
268 HIS,18.3182
268 GLN,6.70703
268 ASN,4.25887
268 LYS,10.8899
268 ASP,4.97593
268 GLU,3.6548
268 CYS,1.30735
268 TRP,28.1768
268 ARG,11.7217
268 GLY,2.24962
269 PHE,-0.0530579
269 LEU,0.206483
269 ILE,0.304408
269 MET,-0.0122663
269 VAL,0.430257
269 SER,0.171385
269 PRO,-0.187995
269 THR,0.405596
269 ALA,0.229144
269 TYR,-0.0408883
269 HIS,0.231473
269 ASN,-0.0175118
269 LYS,-0.245615
269 ASP,-0.100082
269 GLU,0.190434
269 CYS,0.341513
269 TRP,0.0881745
269 ARG,-0.162593
269 GLY,0.138552
270 PHE,-0.670592
270 LEU,-0.504155
270 ILE,3.14099
270 MET,-1.29483
270 VAL,1.59978
270 SER,0.60432
270 PRO,1.98418
270 THR,0.249438
270 TYR,-0.390143
270 HIS,0.657591
270 GLN,0.139737
270 ASN,0.0177645
270 LYS,-1.35768
270 ASP,2.46241
270 GLU,1.13511
270 CYS,0.356478
270 TRP,1.51607
270 ARG,-2.53169
270 GLY,1.2114
271 PHE,0.718888
271 LEU,0.947304
271 ILE,1.72339
271 MET,0.867713
271 VAL,1.53049
271 SER,-0.774544
271 PRO,-0.938572
271 ALA,0.0157312
271 TYR,0.812149
271 HIS,0.108456
271 GLN,0.667083
271 ASN,-1.03312
271 LYS,0.71895
271 ASP,-3.17595
271 GLU,-1.02724
271 CYS,0.462257
271 TRP,1.47734
271 ARG,0.705235
271 GLY,-0.134428
272 PHE,0.956419
272 LEU,-0.151715
272 ILE,0.0503363
272 VAL,0.933673
272 SER,1.12821
272 PRO,-1.28093
272 THR,0.912499
272 ALA,0.538542
272 TYR,1.10361
272 HIS,1.29072
272 GLN,0.542895
272 ASN,0.986668
272 LYS,0.786588
272 ASP,-1.24808
272 GLU,-0.716975
272 CYS,0.992693
272 TRP,0.894072
272 ARG,1.22169
272 GLY,1.0905
273 PHE,0.792609
273 LEU,0.637899
273 ILE,0.768167
273 MET,0.383033
273 VAL,1.09717
273 SER,0.849313
273 PRO,-0.578448
273 THR,0.896665
273 ALA,0.671241
273 TYR,0.645414
273 HIS,1.21591
273 GLN,0.486518
273 ASN,1.13169
273 LYS,0.775781
273 GLU,-0.814921
273 CYS,1.0977
273 TRP,0.682443
273 ARG,1.02834
273 GLY,1.29976
274 PHE,-0.334278
274 LEU,-0.214674
274 ILE,0.136694
274 MET,-0.231892
274 VAL,0.500512
274 SER,1.09638
274 PRO,1.35802
274 THR,0.693
274 ALA,1.20274
274 TYR,0.585067
274 HIS,1.31245
274 GLN,0.736614
274 ASN,1.27354
274 LYS,-0.657618
274 ASP,0.117361
274 CYS,1.49054
274 TRP,1.05277
274 ARG,-0.219935
274 GLY,2.46447
275 PHE,1.21244
275 LEU,-3.81617
275 ILE,-1.26612
275 MET,-3.65946
275 VAL,-0.342834
275 SER,-0.10557
275 PRO,1.33034
275 THR,-1.4772
275 ALA,-1.08005
275 TYR,7.04757
275 HIS,-0.567286
275 GLN,-0.966402
275 ASN,-0.939555
275 LYS,-0.739273
275 ASP,-0.161872
275 GLU,0.272224
275 CYS,-0.152162
275 TRP,3.6213
275 GLY,0.660747
276 PHE,7.84915
276 LEU,-0.0760133
276 ILE,1.0047
276 MET,-0.71034
276 VAL,1.4613
276 SER,1.60492
276 PRO,5.73524
276 THR,1.26157
276 ALA,0.584912
276 TYR,9.23152
276 HIS,6.02919
276 GLN,1.20924
276 LYS,0.885839
276 ASP,-0.0963073
276 GLU,0.645555
276 CYS,0.784266
276 TRP,7.43304
276 ARG,1.78536
276 GLY,1.89346
277 PHE,-0.198321
277 LEU,-0.420427
277 ILE,0.0992177
277 MET,-0.585812
277 VAL,0.731421
277 SER,0.558051
277 PRO,3.86585
277 THR,0.788964
277 ALA,-0.0421065
277 TYR,-0.143863
277 HIS,0.298948
277 GLN,-0.265915
277 ASN,-0.0510322
277 LYS,-0.227926
277 ASP,0.180078
277 GLU,-0.240616
277 CYS,0.719843
277 TRP,-0.172013
277 GLY,0.962356
278 PHE,2.22024
278 LEU,-2.77668
278 ILE,-2.34705
278 MET,-2.10877
278 VAL,-0.494873
278 SER,-0.223895
278 PRO,3.35441
278 THR,-2.18163
278 ALA,-0.883103
278 TYR,1.49227
278 HIS,3.13454
278 ASN,-0.196346
278 LYS,0.164162
278 ASP,1.10311
278 GLU,1.43669
278 CYS,-0.583154
278 TRP,1.09029
278 ARG,1.05396
278 GLY,1.18867
279 PHE,-0.756134
279 LEU,-0.549012
279 MET,-0.0205343
279 VAL,0.667373
279 SER,4.2471
279 PRO,5.45273
279 THR,2.47382
279 ALA,2.88581
279 TYR,2.99998
279 HIS,1.55245
279 GLN,2.87221
279 ASN,2.80526
279 LYS,3.2397
279 ASP,4.27733
279 GLU,2.83244
279 CYS,2.77865
279 TRP,1.14622
279 ARG,4.22977
279 GLY,4.5872
280 PHE,0.109938
280 LEU,-0.457129
280 ILE,2.37796
280 MET,0.41086
280 VAL,0.976304
280 SER,0.427288
280 PRO,5.53039
280 THR,1.52812
280 TYR,0.487313
280 HIS,1.1425
280 GLN,0.568804
280 ASN,2.36963
280 LYS,0.315516
280 ASP,2.33305
280 GLU,1.09277
280 CYS,1.65167
280 TRP,1.98583
280 ARG,0.838441
280 GLY,1.11699
281 PHE,0.128911
281 LEU,-0.375096
281 ILE,0.392752
281 MET,-0.40842
281 VAL,1.07271
281 SER,1.208
281 PRO,4.15511
281 THR,1.48635
281 ALA,0.213161
281 TYR,-0.229222
281 HIS,0.176107
281 GLN,-0.135806
281 ASN,-0.118882
281 LYS,0.186448
281 ASP,0.364916
281 CYS,0.818933
281 TRP,0.256213
281 ARG,0.502266
281 GLY,1.36278
282 PHE,4.69986
282 LEU,1.27772
282 MET,0.0440613
282 VAL,1.34131
282 SER,4.44767
282 PRO,6.58441
282 THR,3.04536
282 ALA,3.95898
282 TYR,10.2838
282 HIS,9.73746
282 GLN,3.80262
282 ASN,4.85494
282 LYS,4.42063
282 ASP,5.69124
282 GLU,4.84609
282 CYS,3.71091
282 TRP,7.30702
282 ARG,6.10675
282 GLY,5.98544
283 PHE,5.31349
283 LEU,4.19877
283 ILE,1.99104
283 MET,1.25274
283 VAL,0.710068
283 SER,-0.185477
283 PRO,5.41274
283 THR,3.22219
283 ALA,-1.52894
283 TYR,18.0997
283 HIS,14.2363
283 GLN,0.405992
283 ASN,2.20654
283 LYS,7.88449
283 ASP,3.49988
283 GLU,9.02441
283 CYS,-0.925257
283 TRP,16.551
283 ARG,6.52054
284 PHE,-0.464911
284 LEU,-0.588688
284 ILE,0.367964
284 MET,-0.823708
284 VAL,0.170315
284 SER,0.290457
284 PRO,4.00735
284 THR,0.490365
284 TYR,-0.0812245
284 HIS,0.841013
284 GLN,-0.0942149
284 ASN,0.55827
284 LYS,-0.295958
284 ASP,1.01609
284 GLU,0.494767
284 CYS,0.755081
284 TRP,-0.172307
284 ARG,-0.0669007
284 GLY,0.98606
285 PHE,-2.20475
285 LEU,-2.45027
285 ILE,-2.3698
285 MET,-2.28293
285 VAL,-1.88047
285 PRO,2.4493
285 THR,-1.51606
285 ALA,-0.903439
285 TYR,-2.0013
285 HIS,-1.6439
285 GLN,-1.11676
285 ASN,-1.13851
285 LYS,-1.33811
285 ASP,-0.0662962
285 GLU,-0.742845
285 CYS,-0.362542
285 TRP,-1.61507
285 ARG,-0.607513
285 GLY,0.818742
286 PHE,5.47943
286 ILE,1.79499
286 MET,-0.477233
286 VAL,2.24087
286 SER,4.01368
286 PRO,8.00262
286 THR,3.76264
286 ALA,3.60635
286 TYR,7.58291
286 HIS,5.34383
286 GLN,3.20511
286 ASN,3.79611
286 LYS,3.3186
286 ASP,6.86696
286 GLU,5.0466
286 CYS,3.11283
286 TRP,10.8907
286 ARG,3.92115
286 GLY,5.0785
287 PHE,-0.515159
287 LEU,-0.469495
287 MET,0.0618096
287 VAL,1.15884
287 SER,3.25892
287 PRO,8.41763
287 THR,1.85044
287 ALA,2.97645
287 TYR,1.37764
287 HIS,2.93174
287 GLN,2.27127
287 ASN,2.92855
287 LYS,1.7107
287 ASP,4.84449
287 GLU,3.9195
287 CYS,2.59047
287 TRP,6.63647
287 ARG,2.05989
287 GLY,4.33714
288 PHE,0.172214
288 LEU,-0.0228524
288 ILE,0.0343637
288 MET,-0.149792
288 VAL,0.557587
288 SER,0.692395
288 PRO,2.9744
288 THR,0.40102
288 ALA,0.264799
288 TYR,0.191907
288 HIS,0.163609
288 GLN,-0.045995
288 ASN,0.217362
288 ASP,0.742656
288 GLU,0.0964925
288 CYS,0.898737
288 TRP,0.0062807
288 ARG,-0.400428
288 GLY,1.31595
289 PHE,0.994669
289 LEU,-0.105652
289 ILE,2.63883
289 MET,0.402975
289 VAL,1.49032
289 SER,2.94914
289 PRO,3.15118
289 THR,2.17813
289 ALA,2.31569
289 TYR,1.35966
289 GLN,1.4906
289 ASN,0.756957
289 LYS,-0.0130794
289 ASP,3.62372
289 GLU,2.934
289 CYS,1.83945
289 TRP,0.357879
289 ARG,0.575528
289 GLY,1.75544
290 PHE,1.16527
290 LEU,3.79994
290 ILE,4.15381
290 MET,1.9464
290 VAL,4.47747
290 SER,3.46714
290 PRO,6.28038
290 THR,3.98761
290 ALA,4.48997
290 TYR,2.06178
290 HIS,3.32609
290 GLN,4.80338
290 ASN,3.85105
290 LYS,4.73132
290 ASP,5.78868
290 GLU,5.20601
290 CYS,4.37337
290 ARG,4.50889
290 GLY,4.84101
