,ddG(PyRosetta)
26F,2.408138259
26L,1.621432828
26I,3.928684466
26M,2.391272982
26V,1.300488454
26S,2.292782687
26P,2.114454225
26T,-0.375474819
26A,1.88643173
26Y,2.274521818
26Q,2.019167557
26N,-0.552215146
26K,1.858363648
26D,0.270357258
26E,3.297549476
26C,1.525390456
26W,3.944745284
26R,2.751572088
26G,3.016024352
27F,2.702438984
27L,2.360961998
27I,2.214578242
27M,2.943958816
27V,2.786447341
27S,1.625533594
27T,3.425764677
27A,2.034652518
27Y,1.59510352
27H,2.307533204
27Q,2.656703114
27N,2.643029633
27K,1.604890935
27D,2.020917338
27E,1.144858263
27C,4.614746209
27W,3.436951436
27R,3.132011638
27G,3.357919979
28F,1.016079833
28L,-0.926480419
28I,0.361513711
28M,-0.431789113
28V,0.669608368
28S,-1.423184881
28P,13.07430477
28T,-0.658985856
28A,-2.032356407
28Y,0.29580711
28H,0.206337402
28Q,-1.098059556
28N,-0.700760547
28K,-0.227702807
28D,-0.726569786
28C,1.602240021
28W,1.066940247
28R,1.012866333
28G,0.322116249
29F,8.767997199
29L,2.32282211
29I,-0.781178933
29M,3.728238856
29V,-3.109271397
29S,1.472261992
29P,17.56849683
29A,-0.51028112
29Y,6.422507947
29H,12.53161393
29Q,4.889195014
29N,4.461562445
29K,14.64120104
29D,6.420287848
29E,3.000599629
29C,0.890759618
29W,10.06825383
29R,8.052695085
29G,3.401450188
30F,4.26128196
30I,0.396488711
30M,-0.683130522
30V,-1.984054108
30S,-0.596255117
30P,12.84409524
30T,-1.709786032
30A,-1.416148159
30Y,1.77117416
30H,2.838172726
30Q,-0.742441397
30N,-0.459816835
30K,-2.05899646
30D,2.412807145
30E,0.956605995
30C,0.189995177
30W,3.154601341
30R,-1.019872836
30G,1.674359329
31F,0.287701377
31L,-1.13140451
31I,-1.132217781
31M,0.368864604
31S,-0.84335796
31P,9.598055967
31T,-0.770503323
31A,-1.368842252
31Y,-0.226158535
31H,-0.783042867
31Q,-0.127203627
31N,-1.056235437
31K,-4.407150006
31D,0.826757691
31E,-0.515062728
31C,0.695296664
31W,0.431447609
31R,-2.086873234
31G,0.506287958
32F,1.357237672
32L,0.810984465
32I,-1.153171673
32M,-0.521769452
32V,-1.968647497
32S,-0.016684392
32P,23.13889415
32T,-2.068754092
32A,-1.560910716
32Y,1.022472104
32H,-0.331547431
32Q,-1.775579787
32N,0.954093505
32D,2.051369889
32E,0.691129799
32C,1.537092108
32W,2.245125679
32R,-0.460842521
32G,1.857036657
33F,15.82618946
33L,2.608218658
33I,-0.280260562
33M,7.551478364
33S,7.652570576
33P,27.10793122
33T,3.974173961
33A,5.263222366
33Y,17.55411116
33H,14.03243101
33Q,11.48884225
33N,7.26860486
33K,23.98196607
33D,7.53622037
33E,12.51998656
33C,4.541074104
33W,19.5981606
33R,25.93955814
33G,10.50793495
34F,4.637475464
34L,2.274360061
34I,1.953940764
34M,3.280122711
34V,1.501611065
34S,2.405020312
34P,22.59884812
34T,2.25950418
34A,1.546029206
34Y,4.166946506
34H,2.721265637
34Q,2.838287678
34N,4.140380816
34D,5.777950955
34E,2.273982918
34C,5.7708319
34W,6.396533859
34R,2.036397853
34G,4.440972652
35F,3.54920397
35L,1.510196571
35I,2.911466487
35M,3.531102884
35V,2.682869973
35S,2.527629101
35P,29.79446397
35T,2.493413936
35A,2.68976286
35Y,2.482704648
35H,2.861893891
35Q,2.69097777
35N,2.797952283
35K,3.088453754
35E,1.032389935
35C,4.781698996
35W,3.174539384
35R,2.800086153
35G,5.05190529
36F,16.14425443
36L,10.50477785
36I,13.19895361
36M,2.022250722
36V,1.105097128
36S,1.311987687
36P,25.46350632
36T,2.612440039
36Y,17.20518404
36H,8.537815953
36Q,5.466846952
36N,7.711331639
36K,8.439294944
36D,7.291618913
36E,7.011271578
36C,5.957181852
36W,17.30019516
36R,8.252432595
36G,5.297876574
37F,11.07546483
37L,12.22895173
37I,8.911144798
37M,10.6472783
37V,6.430704095
37S,7.149787176
37P,28.04930465
37T,7.755089131
37A,5.578042811
37Y,10.72774553
37H,11.43418668
37Q,3.690946195
37N,10.28010908
37K,11.78704966
37D,13.18220629
37C,5.593316832
37W,13.64369853
37R,12.53377052
37G,8.503151455
38F,6.653898472
38L,6.487023402
38I,6.522841796
38M,7.170079952
38V,4.963113056
38S,4.765681345
38P,40.21926074
38T,4.792823743
38A,4.794689192
38Y,6.252685742
38H,5.653587877
38Q,5.173997944
38N,6.547498677
38K,5.473152574
38E,4.249831219
38C,6.491126551
38W,6.885941185
38R,3.852136192
38G,6.571565797
39F,2.331438084
39L,0.114411831
39I,0.027418226
39M,2.48900013
39V,1.172931786
39S,1.566056217
39P,22.71771525
39T,1.254213481
39A,0.677041213
39Y,1.680976149
39H,2.21478069
39N,1.219777198
39K,-0.971258043
39D,3.045523929
39E,1.550171467
39C,2.608717229
39W,3.577217684
39R,-1.215540499
39G,3.544052157
40F,5.857823089
40I,6.507030476
40M,2.657606462
40V,5.515545297
40S,6.525077577
40P,28.80073304
40T,4.024436464
40A,6.37864682
40Y,10.41687511
40H,7.380941872
40Q,4.495409134
40N,5.464852267
40K,6.726224975
40D,7.061326151
40E,6.911622439
40C,6.662662543
40W,10.06697292
40R,8.24414355
40G,8.864188203
41F,2.068857846
41L,1.821207237
41I,14.64097021
41M,2.408005211
41V,13.96982029
41S,1.183695149
41P,97.30831316
41T,5.470844792
41A,1.731503981
41Y,1.716425116
41H,0.131848465
41Q,-0.980432686
41N,-0.626678048
41K,-0.086326014
41D,-0.395599943
41E,0.39408739
41C,3.602769228
41W,3.679671615
41R,1.132832799
42F,17.85855438
42L,18.60774826
42I,20.7063749
42M,12.70995592
42V,14.26499806
42S,2.608430862
42P,48.07973089
42T,10.18976336
42Y,21.69546148
42H,17.34361734
42Q,28.46852053
42N,10.97296215
42K,20.9585916
42D,9.845508699
42E,25.38786342
42C,5.267562577
42W,29.43556587
42R,22.51650296
42G,2.279757837
43F,3.781214552
43L,1.888034695
43I,1.690638603
43M,3.691166903
43V,2.396398812
43S,3.153833093
43P,1.036327847
43T,4.648943784
43A,2.820614925
43Y,3.443301869
43H,4.170084263
43Q,4.158566167
43N,3.058011302
43K,1.927114671
43D,3.79787933
43E,3.973156907
43C,5.100837761
43W,5.851091806
43G,5.723366636
44F,13.03060884
44L,3.002499969
44I,0.24440011
44M,2.238439022
44S,5.756508422
44P,47.56163443
44T,4.067154782
44A,6.888859342
44Y,26.19498448
44H,14.47899071
44Q,7.771944388
44N,7.042046875
44K,9.973932972
44D,11.29707514
44E,9.380664534
44C,5.150173515
44W,5.280853538
44R,13.91710566
44G,12.05833151
45F,24.19490142
45L,26.13695651
45I,16.72556068
45M,30.48692682
45V,17.91879388
45S,5.513814194
45P,14.35728224
45T,10.22982721
45A,1.990054987
45Y,88.80580606
45H,22.2821399
45Q,22.79834936
45N,15.81236805
45K,28.08877906
45D,13.74382221
45E,27.24258171
45C,8.641005338
45W,2105.314644
45R,88.82305378
46F,1.199327404
46L,10.87671671
46I,9.529721537
46M,7.23749293
46V,9.259824741
46S,9.595740099
46P,41.39768505
46T,9.227178853
46A,9.378836666
46H,7.099407061
46Q,9.426656075
46N,9.906923683
46K,15.28910718
46D,12.38765583
46E,12.46437843
46C,9.753828108
46W,10.94574781
46R,18.58052504
46G,15.2300608
47F,11.85035452
47L,1.280149669
47M,1.833318453
47V,1.288343082
47S,4.943895203
47P,36.71723409
47T,3.559670901
47A,4.181204014
47Y,18.32587847
47H,6.699707294
47Q,3.567948655
47N,5.956286201
47K,16.57486668
47D,8.06127653
47E,4.40254572
47C,3.796901136
47W,31.1361797
47R,19.44738375
47G,9.345983547
48F,24.06669907
48L,-0.909396805
48I,6.664189899
48M,-0.086301483
48V,0.950192004
48S,3.383242892
48P,22.16131585
48T,1.047078332
48A,3.903085847
48Y,24.51577822
48H,7.445707426
48Q,1.834872029
48N,3.333991058
48K,10.19186084
48D,3.970458447
48C,3.035804502
48W,6.21034057
48R,13.05652906
48G,10.13566987
49F,0.614232738
49I,7.001334027
49M,1.504525368
49V,0.264285797
49S,3.777008728
49P,143.9935046
49T,1.783008636
49A,3.423182854
49Y,0.603599118
49H,25.30895349
49Q,1.21643721
49N,5.308129993
49K,7.273390443
49D,7.679360386
49E,4.630919934
49C,4.104100371
49W,22.45795922
49R,2.198051653
49G,7.730357434
50F,3.739085678
50L,7.706662585
50I,36.65703461
50M,6.120735786
50V,11.78482027
50S,4.843843343
50P,42.32389781
50T,6.473060787
50A,3.94027821
50Y,2.161571003
50H,7.642713061
50Q,5.341017231
50N,2.26183554
50K,6.688155377
50E,3.452957089
50C,4.299256797
50W,7.628500206
50R,8.386191237
50G,7.909944429
51F,4.566309662
51I,4.928885844
51M,2.763771419
51V,4.284141806
51S,4.658744411
51P,7.539044073
51T,4.774568718
51A,2.709808361
51Y,4.37124823
51H,3.661018318
51Q,3.230632176
51N,4.425050065
51K,4.719557379
51D,5.363793272
51E,4.402931129
51C,6.43992641
51W,7.678452715
51R,2.743071086
51G,5.710021344
52F,-0.71935537
52L,-1.335840274
52I,-1.553877698
52M,-0.813477683
52V,-1.757417269
52S,-2.088466684
52P,30.12005319
52T,-2.363559933
52A,-1.299963217
52Y,-1.009533043
52H,-1.927673227
52Q,-1.048471164
52K,-2.54663525
52D,-2.538256703
52E,-2.140451509
52C,1.349159204
52W,1.341367832
52R,-1.250249284
52G,-0.650076049
53F,0.653033926
53L,0.582980687
53I,1.412990629
53M,1.887131246
53V,1.218509897
53P,25.64496604
53T,-3.741291218
53A,0.625099843
53Y,0.448291043
53H,0.685943947
53Q,-1.546417161
53N,0.396704074
53K,-0.780403534
53D,0.727957919
53E,-2.985397062
53C,1.98388154
53W,2.300928869
53R,1.255985013
53G,2.285530698
54F,8.001771378
54L,54.10821729
54I,23.68765389
54M,19.91659092
54V,14.9607729
54S,7.739047775
54P,111.4008789
54T,26.67595935
54A,16.20562196
54Y,7.60020578
54H,7.026866098
54Q,5.190429448
54N,7.582726827
54K,39.013551
54D,7.612101572
54E,3.837732708
54C,20.1052384
54W,14.94932695
54R,18.88253615
55F,-0.598143892
55L,-3.793552872
55I,-4.125674954
55M,-1.843262239
55V,-3.671237852
55S,-4.116605114
55P,26.82058176
55T,-5.423130914
55A,-3.302044102
55Y,-1.84532327
55H,-2.676585252
55Q,-5.169657654
55N,-2.140689213
55D,-1.756675207
55E,-3.626449305
55C,-1.939909522
55W,-0.640165593
55R,-3.207322637
55G,-0.417630298
55F,8.975191485
55L,4.40313526
55M,3.349442248
55V,0.452133865
55S,3.99976257
55P,3.621915692
55T,1.875925985
55A,3.973001286
55Y,8.403796846
55H,5.573564648
55Q,2.972491473
55N,4.50144994
55K,2.757194048
55D,5.102184986
55E,2.096402592
55C,4.112325027
55W,11.39525757
55R,3.995250829
55G,6.973733809
57F,6.390525705
57I,1.684301135
57M,4.026174776
57V,2.127544795
57S,4.383522069
57P,10.6739891
57T,3.70662748
57A,4.271416913
57Y,5.334782551
57H,4.913232154
57Q,4.475637924
57N,3.856017486
57K,4.353682445
57D,4.076400164
57E,4.595651573
57C,5.014625915
57W,8.11291094
57R,4.595332521
57G,6.870957874
58F,1.455131895
58L,1.459769437
58I,3.922616018
58M,3.380462747
58V,2.595445992
58S,0.538220993
58P,28.71945959
58T,0.055276136
58A,-1.4306714
58Y,0.690298194
58H,0.343069992
58Q,0.877883226
58N,-0.282583732
58K,5.699583345
58D,-1.677666426
58C,3.215606231
58W,2.895058759
58R,4.005297145
58G,3.400743686
59F,0.644524607
59L,4.876854581
59I,5.360361893
59M,3.865451273
59V,3.592549845
59P,11.2525686
59T,2.988852353
59A,-0.773293359
59Y,0.302813309
59H,1.079429624
59Q,1.089700108
59N,1.257990542
59K,3.861090101
59D,2.608178189
59E,1.080754028
59C,1.986737053
59W,3.137544139
59R,3.505807904
59G,3.785665557
60L,7.85640802
60I,7.754145738
60M,6.093103394
60V,5.147637981
60S,3.844123147
60P,30.66912787
60T,8.171622859
60A,4.150240653
60Y,0.825942836
60H,2.535687176
60Q,5.290331966
60N,4.724403925
60K,4.509942501
60D,4.812362894
60E,5.449264786
60C,5.085320548
60W,3.58905515
60R,5.50545271
60G,9.178031792
61F,8.974747792
61L,16.65062991
61I,20.45911936
61M,16.32783127
61V,17.81205338
61S,6.46025938
61P,201.9207998
61T,18.39905038
61A,6.51414433
61Y,18.09754527
61H,16.61161158
61Q,6.52815271
61N,4.010410139
61K,3.838627224
61D,9.135393595
61E,11.50429891
61C,17.26150948
61W,20.58062572
61G,17.0872171
62F,5.863687901
62L,6.190758264
62I,11.80298029
62M,4.175418137
62V,10.19066614
62S,1.821169481
62T,9.487788623
62A,1.325268931
62Y,4.102135879
62H,2.74324025
62Q,4.243901239
62N,4.685530808
62K,4.964085626
62D,5.413047949
62E,3.757944898
62C,5.722704041
62W,4.387497123
62R,5.155613386
62G,3.129206833
63F,-1.995236159
63L,-1.319806105
63I,0.710457666
63M,-0.251878719
63V,0.30799326
63S,0.144205896
63P,19.64756011
63T,-0.858779689
63A,0.446758094
63Y,-1.950253807
63H,-2.43215794
63Q,-0.149582432
63N,-2.195492091
63K,-0.618554603
63D,0.235105884
63C,1.526900602
63W,3.232614308
63R,0.193976151
63G,2.643177313
64F,5.097813656
64L,6.022086719
64I,5.045709075
64M,6.141709643
64V,6.307204924
64S,4.529340459
64P,46.49798359
64T,5.630970444
64A,4.820469224
64Y,4.215011526
64H,5.2695594
64Q,4.361372724
64N,5.796037775
64K,4.388805666
64D,4.756068891
64C,5.509669224
64W,6.461632799
64R,6.495578628
64G,7.79622672
65F,0.446719909
65L,0.81935138
65I,4.174377159
65M,3.109934775
65V,4.06569098
65S,4.494013147
65P,1.001154025
65T,3.213371637
65A,4.090775293
65Y,0.13707587
65H,3.739526032
65Q,4.358435376
65N,3.611149165
65K,2.739437984
65D,6.718185157
65E,5.77458966
65C,4.132205317
65W,6.048482038
65G,6.901327196
66L,6.192108744
66I,10.90693959
66M,6.611103111
66V,5.334751539
66S,9.173601016
66P,22.17588086
66T,7.495743952
66A,8.297430148
66Y,1.668610843
66H,6.19256912
66Q,9.914831324
66N,9.151886454
66K,12.82448296
66D,12.60672207
66E,12.20357264
66C,9.662068337
66W,15.58961774
66R,15.03436014
66G,13.65921986
67F,0.389252827
67L,0.357046134
67I,0.353674525
67M,-1.288392662
67V,0.191034493
67S,0.461033804
67T,-0.729422043
67A,-0.294981624
67Y,2.613178853
67H,9.033559891
67Q,1.371240814
67N,-2.081669997
67K,2.359580902
67D,4.338944939
67E,2.925430604
67C,0.296959197
67W,3.225143229
67R,5.979495468
67G,3.128212241
68F,30.84160525
68L,-1.849384836
68I,0.03282602
68V,-0.829964492
68S,2.264586498
68P,12.02958486
68T,1.692623354
68A,2.107188609
68Y,37.09964643
68H,17.2121883
68Q,2.277543154
68N,4.751767415
68K,7.458645581
68D,6.249806435
68E,4.882530715
68C,2.624067129
68W,49.37865424
68R,9.689493698
68G,5.362115769
69F,15.25250333
69L,-3.401422541
69I,4.537654007
69V,3.942476391
69S,-8.456527709
69P,88.99331044
69T,-0.084486916
69A,-7.37217109
69Y,12.44534597
69H,5.361117058
69Q,-2.307651307
69N,-8.691157339
69K,6.730917494
69D,-6.542498247
69E,5.217653609
69C,0.600778562
69W,15.92341892
69R,17.92346478
69G,-8.449558928
70F,3.953538278
70L,4.527422146
70I,12.71378758
70M,9.239381086
70V,2.852514822
70P,10.16098272
70T,0.755755447
70A,-2.053132613
70Y,2.99711143
70H,3.095456382
70Q,-1.764700103
70N,2.031764061
70K,4.052024282
70D,2.48648079
70E,0.999398799
70C,1.340479894
70W,2.527489716
70R,7.417157931
70G,-0.366762948
71F,20.66120383
71L,0.75316543
71I,-2.292609089
71M,5.725882905
71V,1.783588846
71S,-0.930699244
71P,20.65598431
71A,-1.717503799
71Y,23.49777173
71H,1.360145026
71Q,5.456269663
71N,-1.753390504
71K,18.71649373
71D,3.578020861
71E,5.684462303
71C,-1.22884768
71W,41.44910322
71R,29.40477059
71G,2.297041514
72L,3.270142762
72I,2.785466707
72M,5.450077183
72V,2.76881509
72S,5.554170158
72P,27.94460056
72T,6.849572515
72A,5.293095179
72Y,1.406650185
72H,2.706591316
72Q,5.724272163
72N,7.577816
72K,9.960724029
72D,7.938872345
72E,8.274137786
72C,6.275310539
72W,9.081575586
72R,9.033994443
72G,8.59949394
73F,-0.430987482
73L,0.279448085
73I,-4.742966187
73M,-6.778023127
73V,-3.086229148
73S,-1.931040765
73P,17.52532611
73T,-4.353943068
73A,-3.610550063
73Y,6.194114489
73H,-0.171453033
73Q,0.955166459
73N,-4.117363957
73D,0.903669743
73E,3.658203209
73C,-3.246610515
73W,19.2057799
73R,8.723083748
73G,0.849627757
74F,5.99754241
74L,8.994193095
74I,0.424930118
74M,4.827555287
74S,0.380854485
74P,13.80789309
74T,0.993252323
74A,-1.139898359
74Y,11.84363799
74H,4.497652647
74Q,4.478391332
74N,3.141946298
74K,12.51783846
74D,0.305389623
74E,6.242044958
74C,-0.481034291
74W,39.3076284
74R,20.70612364
74G,2.923984541
75F,-0.901804185
75I,0.656709242
75M,-1.004143153
75V,1.969652382
75S,1.500846396
75P,28.79846179
75T,0.784806861
75A,0.122286243
75Y,3.867045486
75H,0.120929424
75Q,-2.608848604
75N,-1.268391026
75K,7.463662041
75D,-0.40428705
75E,-0.421464855
75C,1.619640825
75W,11.60999123
75R,6.953517469
75G,4.530913111
76F,20.30414988
76I,12.16557272
76M,6.939522099
76V,11.0010818
76S,8.999911294
76P,44.79614526
76T,6.674674864
76A,7.513535455
76Y,32.76132221
76H,15.26040511
76Q,9.729698742
76N,8.737469843
76K,32.1923317
76D,9.762923004
76E,11.76486008
76C,8.184738821
76W,33.90029312
76R,22.45332481
76G,10.61432649
77F,-1.053888109
77L,-1.053888109
77I,-1.053888109
77M,-1.053888109
77V,-1.053888109
77S,-1.053888109
77P,-1.053888109
77T,-1.053888109
77A,-1.053888109
77Y,-1.053888109
77H,-1.053888109
77Q,-1.053888109
77N,-1.053888109
77K,-1.053888109
77D,-1.053888109
77E,-1.053888109
77W,-1.053888109
77R,-1.053888109
77G,-1.053888109
78F,38.49052836
78L,54.47318516
78I,53.61718844
78M,27.51129403
78V,35.23178362
78S,11.55220445
78P,30.69246079
78T,44.49587079
78A,2.036665414
78Y,45.95345558
78H,42.56203585
78Q,43.62121213
78N,28.66379993
78K,42.11824461
78D,30.50540211
78E,54.50989914
78C,24.52183223
78W,45.47841874
78R,61.28040863
79F,-1.46065232
79L,1.212187746
79I,11.46121111
79M,6.942985131
79V,1.119204764
79S,1.857796681
79P,22.27123307
79T,-0.045261062
79Y,-1.338476952
79H,-0.788765327
79Q,2.723058727
79N,2.653067381
79K,6.596389963
79D,3.33902764
79E,3.523133303
79C,1.389175894
79W,7.515873767
79R,4.000816129
79G,4.176188935
80F,7.952748653
80L,0.21328722
80I,-1.348732138
80M,-0.242255331
80S,3.653655783
80P,23.63391172
80T,0.95991902
80A,2.26417304
80Y,20.6513357
80H,4.866903938
80Q,8.842936409
80N,3.812543926
80K,12.90640412
80D,5.543048868
80E,6.003605107
80C,1.571324946
80W,30.60394729
80R,19.04875382
80G,5.450434394
81F,2.010518622
81I,8.753249208
81M,4.413352768
81V,6.097229869
81S,5.404110343
81P,38.28236577
81T,6.782505727
81A,4.513029297
81Y,7.580529706
81H,4.102577422
81Q,4.898534917
81N,3.716869349
81K,15.40917158
81D,6.367057958
81E,5.714661351
81C,5.191636556
81W,12.1789575
81R,18.9644213
81G,8.448130625
82F,-0.967729206
82L,2.475260668
82I,3.595045069
82M,-0.171186741
82V,1.091314233
82P,18.55696784
82T,-0.682183073
82A,-3.713503934
82Y,-1.686792379
82H,-1.403785383
82Q,1.709439974
82N,-0.593457551
82K,3.040259566
82D,0.022165575
82E,2.711380101
82C,0.586609615
82W,-0.276982443
82R,3.43713921
82G,0.447512689
83F,1.357708663
83L,-2.012493214
83I,4.572067791
83M,-0.717373873
83V,4.085891941
83S,1.733966334
83P,31.90605385
83T,3.934952064
83A,0.643056942
83Y,1.311099923
83H,-0.135766969
83Q,1.226498193
83N,0.934069546
83K,0.462719833
83D,1.954772342
83E,1.869391882
83C,2.688959996
83W,0.741992527
83G,4.212714963
84F,4.696663763
84L,7.298136282
84I,2.138342332
84M,4.614635026
84S,3.589043486
84P,30.05404311
84T,3.393686944
84A,3.268151756
84Y,3.493693354
84H,3.129299559
84Q,7.434998334
84N,5.488188171
84K,5.592791523
84D,6.375950097
84E,5.753447417
84C,1.374957561
84W,4.162307085
84R,5.183827516
84G,6.397905671
85F,3.428752858
85L,1.563487365
85I,3.029123537
85M,2.826369402
85V,-1.589469739
85S,-1.161424253
85P,22.80393387
85T,-0.738116434
85A,-1.488334583
85Y,4.26303838
85H,3.719229492
85Q,3.383856087
85N,-2.643578755
85K,2.885349937
85E,3.497969993
85C,-1.633565169
85W,4.666082341
85R,4.522721805
85G,0.974993112
86F,1.828506306
86L,-1.315526382
86I,5.256185128
86M,-0.245762975
86V,3.200598223
86S,-2.273585875
86P,27.41329474
86T,-1.404052276
86Y,0.751519371
86H,0.054413223
86Q,-0.932598541
86N,-1.32076957
86K,-1.182132666
86D,-0.094857996
86E,-0.365972457
86C,0.264324769
86W,1.626851787
86R,0.429687416
86G,0.211772103
87F,4.911480928
87L,4.668076724
87I,17.99227271
87M,8.346248169
87V,17.8193087
87S,4.891224101
87P,107.3837686
87T,7.895283843
87A,5.65456442
87Y,4.650504329
87H,3.411018003
87Q,2.961710141
87N,3.04299939
87K,3.256015672
87D,4.518633567
87E,5.272936899
87C,6.272156042
87W,6.858783313
87R,5.269566258
88F,-0.013308772
88L,-2.603604398
88I,1.357742088
88M,-0.239081124
88V,3.761214032
88S,-0.431346232
88P,31.63960509
88T,-1.047302503
88A,-1.132052699
88Y,-0.827568309
88H,-0.920530914
88N,-1.433226179
88K,-2.139856913
88D,-0.802062218
88E,-2.974289002
88C,0.901292546
88W,-0.216228323
88R,-0.640319452
88G,1.661098674
89F,29.20291642
89L,6.272077105
89I,12.0188629
89M,9.078201687
89V,9.297853989
89S,5.65675695
89P,45.42729342
89T,7.815425248
89A,4.312572593
89Y,15.17649349
89H,9.114329689
89Q,8.052185237
89N,5.691953266
89K,24.61509946
89D,2.566406166
89C,6.932973416
89W,15.72036534
89R,28.4853925
89G,8.99892816
90F,-5.122283289
90L,-5.206380823
90I,-5.236981679
90M,-4.308942448
90V,-5.480840948
90S,-5.751655321
90P,56.54775574
90T,-5.437128561
90A,-4.116490959
90Y,-5.439207264
90H,-4.865538683
90N,-6.695065394
90K,-5.314253471
90D,-7.575739831
90E,-6.33566843
90C,-3.879726518
90W,-4.233586765
90R,-4.622316936
90G,-1.133730868
91F,8.638786683
91I,0.760375414
91M,0.300038623
91V,2.517434052
91S,1.051383732
91P,1.831634615
91T,5.027444368
91A,0.329364655
91Y,7.835868794
91H,4.853312415
91Q,3.753808279
91N,2.729741618
91K,3.635051473
91D,1.366636036
91E,3.438989169
91C,4.552372725
91W,8.504249674
91R,2.202434536
91G,3.410698843
92F,-0.983745355
92L,-1.981619249
92I,0.561156589
92M,-1.239062707
92V,0.058433086
92S,-1.669944083
92P,6.068764656
92T,-1.501858384
92A,-1.125806155
92Y,-1.151017956
92H,-1.14322885
92Q,-3.396752152
92N,-4.314951149
92K,-1.008187614
92D,-6.405532673
92E,-4.817258551
92C,0.52579863
92W,-1.048765529
92R,-0.057679027
93F,3.828438135
93L,3.798486215
93I,4.60927155
93M,3.769762726
93V,4.761725677
93S,3.121676351
93P,37.09764463
93T,4.156695479
93A,2.692743284
93Y,2.996875698
93H,3.691628731
93Q,2.176585503
93N,4.276319513
93K,2.471275665
93D,5.961756987
93E,5.11172469
93C,5.022799016
93W,4.052243792
93G,5.491163873
94F,0.827042984
94L,-1.462458907
94I,-1.772665489
94M,0.985381685
94V,-1.822566953
94S,2.039192567
94P,1.874058266
94T,-0.898856924
94A,1.702288248
94Y,0.316782455
94H,1.849718423
94Q,1.292876544
94N,1.838012356
94K,0.389734825
94D,3.216630326
94E,0.941548061
94C,1.238778827
94W,-0.870196825
94G,4.312032928
95F,5.715616818
95L,1.424565852
95M,2.540643332
95V,0.247140527
95S,5.082954561
95P,57.51078168
95T,3.618847746
95A,5.738443166
95Y,4.995958606
95H,6.184966315
95Q,2.116783162
95N,5.188504298
95K,4.692621646
95D,6.40252107
95E,6.625146878
95C,4.825458567
95W,7.241570436
95R,5.66123847
95G,9.637499496
96F,-1.929203175
96L,-2.016289752
96I,1.348413615
96M,-1.925299973
96V,1.038327686
96S,-0.236726442
96P,3.492667345
96T,-0.304963673
96A,0.822545649
96Y,-2.136172934
96Q,-0.136069032
96N,-0.311233173
96K,-0.908563812
96D,0.259400379
96E,-1.237445831
96C,1.673591749
96W,-0.976202277
96R,-0.180920817
96G,1.770116661
97F,-2.389324249
97L,7.798752279
97I,13.43262398
97M,5.108217092
97V,13.28714065
97S,5.788251885
97P,85.38589442
97T,6.902700998
97A,7.132445926
97H,2.726045378
97Q,9.635580952
97N,7.122040904
97K,13.65690563
97D,9.093198708
97E,11.25800056
97C,6.459851122
97W,3.557045623
97R,18.48482731
97G,9.368751617
98F,1.836193692
98L,2.951485206
98I,1.263964745
98M,2.597164581
98V,0.55540086
98P,53.9867278
98T,-1.785317769
98A,1.09940589
98Y,1.044282896
98H,1.084967847
98Q,1.577415324
98N,-0.378573583
98K,1.070032819
98D,-2.433448531
98E,0.908230562
98C,0.477725962
98W,2.418278439
98R,-0.042838436
98G,1.177492
99F,-0.56373908
99L,0.313202984
99I,-0.687025142
99M,0.039686911
99V,-1.021905815
99S,-2.431812903
99P,-0.485160024
99T,-0.928416466
99A,-2.891329268
99Y,-1.155106713
99H,-1.358870448
99N,-1.04571529
99K,-2.185110223
99D,-0.663612
99E,-2.852470718
99C,0.952208688
99W,0.226074558
99R,-1.465940393
99G,-0.180652198
100F,0.147552652
100L,-1.784237807
100I,-0.06139222
100M,-1.081505269
100V,1.179199809
100S,-3.443129276
100P,11.73407027
100T,-1.574734469
100A,-2.692206191
100Y,-0.392114897
100H,-1.51377324
100Q,-2.298043613
100K,-3.200032098
100D,-3.455951938
100E,-3.261666102
100C,-0.016904819
100W,0.167643222
100R,-2.006497467
100G,-1.880410709
101F,4.701595924
101L,3.636067663
101I,6.298187272
101M,4.500061692
101V,6.020916681
101S,3.225863948
101P,27.78344818
101T,2.61381567
101A,3.577772244
101Y,4.525356504
101H,1.74342235
101Q,3.8444741
101N,1.883132628
101K,3.444379901
101E,3.332997186
101C,4.728342835
101W,4.921133999
101R,5.218916465
101G,6.558679055
102F,4.649600052
102I,-1.457573629
102M,3.292910614
102V,-0.865356796
102S,1.902060524
102P,25.70585104
102T,0.129978532
102A,2.035646415
102Y,3.889835383
102H,4.621290291
102Q,1.110930356
102N,1.82250844
102K,2.265627483
102D,3.056719826
102E,2.820868246
102C,1.305992061
102W,4.756320134
102R,2.954621379
102G,4.453119934
103F,2.549825685
103L,3.787879267
103I,1.400182243
103M,3.607344034
103S,1.687842345
103P,16.3049166
103T,0.322240204
103A,2.807809135
103Y,1.305380659
103H,3.499405869
103Q,1.135268066
103N,3.720692542
103K,0.965404132
103D,5.050524386
103E,3.098459325
103C,1.543585115
103W,5.079054247
103R,0.370528293
103G,2.723090661
104F,-0.228068954
104L,-0.642526874
104I,-0.470622029
104M,0.429033399
104V,-0.629500794
104S,-2.046778299
104P,-4.1733941
104T,-1.030652041
104A,-1.731047108
104Y,-1.10012455
104H,-0.700625711
104Q,-1.247734877
104N,-1.430206943
104K,-1.774540315
104D,-2.869329399
104C,1.008012055
104W,1.301923179
104R,-0.495004962
104G,0.18894872
105F,1.663887677
105L,2.123106056
105I,11.30028973
105M,2.21507961
105V,11.08909899
105S,0.763399016
105P,42.37107075
105T,4.950472311
105A,1.066631424
105H,-0.226219371
105Q,0.224191341
105N,-1.373455803
105K,-0.512025748
105D,-0.564221671
105E,-0.272903766
105C,3.399717501
105W,3.728291555
105R,0.938123089
105G,2.141148145
106F,7.390629638
106L,27.30176751
106I,9.266682007
106M,24.92520148
106V,3.630318345
106P,30.90614708
106T,3.589456927
106A,-3.53564601
106Y,6.787290184
106H,5.606716316
106Q,21.39543703
106N,1.791627154
106K,35.4292099
106D,5.055323163
106E,22.12435602
106C,-2.014832882
106W,15.25412138
106R,2.828834996
106G,8.953668501
107F,6.137399594
107L,4.045290601
107I,6.909626373
107M,6.035346261
107V,4.262425731
107S,4.111265039
107T,4.891162209
107A,5.29449271
107Y,5.686185001
107H,5.43816823
107Q,4.227962777
107N,4.915449552
107K,4.017342345
107D,4.781860084
107E,3.822195104
107C,6.925081321
107W,6.225687405
107R,4.771875539
107G,6.966082306
108F,8.620357542
108L,3.760981225
108I,-0.825590632
108M,2.502532558
108S,3.175813514
108P,46.01494942
108T,1.419804217
108A,2.340902652
108Y,7.993720196
108H,3.304140581
108Q,1.546162204
108N,3.786306489
108K,2.616068649
108D,1.720898687
108E,1.025034027
108C,4.696791782
108W,3.062281653
108R,3.332787585
108G,4.939884903
109F,28.44576261
109L,1.551011446
109I,5.951765656
109M,11.38124074
109V,0.650992289
109S,-1.309441859
109P,24.95398607
109A,-3.567885099
109Y,34.69084617
109H,28.08696059
109Q,6.729607071
109N,0.94952746
109K,36.10725718
109D,3.010019721
109E,7.583496038
109C,-3.006770174
109W,43.55998194
109R,31.37523163
109G,1.29424953
110F,2.134000481
110L,3.035736061
110I,-0.983027473
110M,0.360600981
110V,-1.082817122
110S,-1.352069199
110P,21.49518101
110T,0.41600402
110A,-1.877497741
110Y,-0.829014557
110H,3.022326399
110Q,-1.534076542
110N,1.956628413
110K,-1.05769402
110D,4.054749226
110C,-0.047572428
110W,2.355755175
110R,-1.819309076
110G,0.573192789
111F,2.768838323
111L,-1.616636134
111I,2.615474506
111M,0.41781587
111V,6.226833032
111S,-1.327423515
111P,28.27432259
111T,-0.996719498
111A,-0.985580816
111Y,1.507407608
111H,1.823279645
111Q,-2.789040648
111N,-1.6112315
111D,2.073466456
111E,0.659123758
111C,0.416854859
111W,1.730610849
111R,-1.36154712
111G,0.634311653
112F,-2.778073249
112L,3.145362132
112I,1.804868795
112M,1.322445925
112V,2.181564035
112S,1.151618265
112P,64.62826989
112T,2.084535186
112A,0.412646894
112Y,-3.183873222
112Q,1.214668942
112N,-1.771916619
112K,0.08349222
112D,2.351578329
112E,2.76506541
112C,1.605594625
112W,1.564785587
112R,0.313847794
112G,3.10664781
113F,9.489593481
113I,2.209911784
113M,2.708157399
113V,2.363628284
113S,5.847218831
113P,19.33232618
113T,3.87132695
113A,5.129115794
113Y,8.095313817
113H,7.840968653
113Q,1.461129515
113N,4.853537179
113K,3.341973578
113D,7.322367872
113E,5.199830175
113C,4.664411713
113W,7.546775705
113R,4.012765879
113G,7.111140893
114F,2.475994184
114L,0.469181534
114I,0.406748535
114M,1.960472956
114V,0.327535318
114S,-0.639102055
114P,3.904135092
114A,0.079339082
114Y,2.07692095
114H,0.350031562
114Q,0.199358573
114N,-0.265775865
114K,-1.80401921
114D,-1.089443035
114E,-0.680428805
114C,2.731911263
114W,3.131294328
114R,-1.54526637
114G,1.44419705
115F,-0.104054607
115L,-0.073392711
115I,0.918140607
115M,2.11972823
115V,-0.215438722
115S,-0.482515467
115P,18.38108293
115T,-1.270746197
115A,1.676651025
115Y,-0.793191502
115H,-0.886287965
115Q,0.713629201
115N,-0.213686846
115K,-0.583089898
115E,-0.583286603
115C,1.215910147
115W,1.388110088
115R,0.677707078
115G,2.936813362
116F,20.14379585
116L,19.93736399
116I,29.13902896
116M,22.94617547
116V,31.63212687
116S,15.78365732
116P,126.6062342
116T,24.4561537
116A,15.96122002
116Y,21.69756326
116H,22.93155808
116Q,20.32513966
116N,19.08750612
116K,18.49606341
116D,27.214856
116E,26.98276831
116C,23.68597827
116W,24.13413287
116R,28.46475943
117F,19.13312796
117L,1.090285473
117I,12.18403932
117V,10.49949528
117S,5.418743051
117P,37.94467645
117T,7.255922111
117A,4.060976216
117Y,33.48242098
117H,10.37191195
117Q,4.004976821
117N,8.691969856
117K,5.177501669
117D,12.66396966
117E,7.700570158
117C,6.086658174
117W,59.22882317
117R,4.561306308
117G,8.689635866
118F,3.116253698
118L,2.396428732
118I,9.678690741
118M,0.918521191
118V,2.675898179
118S,-3.236046111
118P,4.416682924
118A,-0.431804044
118Y,2.67374673
118H,1.363934135
118Q,-0.634467155
118N,0.808197507
118K,0.349315647
118D,3.00635112
118E,0.887548568
118C,1.343335593
118W,5.224498067
118R,-0.460307532
118G,1.800022059
119F,23.87848027
119L,2.123617787
119I,-1.934670216
119M,4.346346643
119S,2.83296187
119P,12.52266546
119T,1.351543282
119A,1.061830919
119Y,26.27207031
119H,13.06941814
119Q,5.402752733
119N,4.65767241
119K,21.69113591
119D,7.528581234
119E,4.169704283
119C,2.776096294
119W,43.06344479
119R,25.05751902
119G,4.904073639
120F,-1.226996569
120L,-0.221593284
120I,7.127177593
120M,0.004712609
120V,3.047154248
120S,-0.631509917
120P,30.22648757
120T,0.259656522
120A,-1.368166347
120Y,-1.197917494
120H,-2.591015601
120Q,-0.614018066
120N,0.899774218
120K,-2.545257637
120D,1.160394898
120E,-1.328456758
120C,1.455272161
120W,-2.605014212
120G,0.387222565
121F,3.193986672
121L,0.524161236
121I,5.946772853
121M,0.825061152
121V,5.35010754
121S,1.94294434
121P,40.64874776
121T,2.796660849
121A,0.217951293
121Y,2.480462612
121H,2.394435693
121Q,-2.193898217
121N,1.974011169
121K,1.598477743
121D,0.644781279
121C,3.860367941
121W,2.483426837
121R,3.390408344
121G,3.998591604
122F,16.97529056
122I,8.163128754
122M,5.812951539
122V,10.19662421
122S,8.869691283
122P,44.29514372
122T,9.686201991
122A,7.283397744
122Y,21.14614226
122H,8.132367079
122Q,6.617445047
122N,6.30339119
122K,20.57817474
122D,9.528310944
122E,7.945903081
122C,6.888627279
122W,41.14309321
122R,26.40446933
122G,10.57045285
123F,-1.857966701
123L,-1.857966701
123I,-1.857966701
123M,-1.857966701
123V,-1.857966701
123S,-1.857966701
123P,-1.857966701
123T,-1.857966701
123A,-1.857966701
123Y,-1.857966701
123H,-1.857966701
123Q,-1.857966701
123N,-1.857966701
123K,-1.857966701
123D,-1.857966701
123E,-1.857966701
123W,-1.857966701
123R,-1.857966701
123G,-1.857966701
124F,-2.213748471
124L,-3.300043907
124I,-2.536509452
124M,-1.462787383
124V,-2.001972233
124P,17.79910563
124T,-2.733428762
124A,-2.813436318
124Y,-3.295705112
124H,-2.650066584
124Q,-1.975566438
124N,-1.18221111
124K,-3.508179305
124D,0.030886471
124E,-3.008714831
124C,0.45590062
124W,-4.073566743
124R,-2.130192911
124G,-0.775321569
125F,19.95600625
125L,15.27160474
125I,10.89693884
125M,9.10658881
125V,8.453263116
125S,3.325510617
125P,28.79440533
125T,7.682838779
125Y,19.3441784
125H,7.735625679
125Q,13.64048373
125N,14.86770007
125K,12.0124121
125D,15.4106014
125E,16.34447291
125C,14.04205018
125W,16.25338541
125R,11.07250223
125G,3.1590298
126F,42.25288716
126L,21.65245152
126I,26.44274571
126M,16.18210883
126V,6.9524001
126S,2.145633496
126P,36.18611004
126T,6.63490415
126Y,40.3258373
126H,28.56039237
126Q,21.82568902
126N,9.615435456
126K,33.1243571
126D,10.22382603
126E,22.76484903
126C,5.100892687
126W,73.08472013
126R,62.48841587
126G,4.525146054
127F,12.92107489
127L,-0.77387618
127M,5.064607831
127V,0.264921444
127S,5.101386739
127P,36.99317365
127T,2.3040345
127A,4.82562871
127Y,18.18902268
127H,4.240989081
127Q,6.863788911
127N,3.574700609
127K,16.48168282
127D,6.133710512
127E,7.17546507
127C,5.088014553
127W,33.18104006
127R,21.84496682
127G,7.372121406
128F,8.157945203
128L,-2.245212532
128I,-4.445525935
128M,-0.946516148
128V,-6.392884039
128S,-2.652048953
128P,40.35547134
128A,-3.991840383
128Y,7.914289034
128H,5.719476089
128Q,-2.932542797
128N,0.773958544
128K,4.172836349
128D,1.724447282
128E,-3.520772876
128C,-2.736364552
128W,3.612123213
128R,-0.864213393
128G,-1.085038022
129F,-5.141710212
129L,0.130205495
129I,0.239481699
129V,-3.208365122
129S,-2.652549949
129P,17.50585442
129T,-4.082751011
129A,-1.912691419
129Y,-5.761818701
129H,-5.292919623
129Q,-2.448756087
129N,-3.843945214
129K,-2.848806174
129D,-3.672747312
129E,-3.172521026
129C,-1.483568917
129W,-3.838395678
129R,-2.109391823
129G,0.12687837
130F,11.02239596
130L,4.00926061
130I,21.42016836
130M,-0.730853379
130V,19.58742447
130P,102.1228004
130T,2.255543947
130A,-4.120095893
130Y,8.786976857
130H,9.166693319
130Q,-0.44163849
130N,-0.834467279
130K,2.135406486
130D,-2.119208332
130E,8.68911022
130C,7.253426314
130W,9.539476968
130R,0.143694907
130G,-5.548317791
131F,58.06615149
131L,16.9898935
131I,5.537489942
131M,10.96742117
131V,3.951335206
131S,8.338040607
131P,28.62444414
131T,5.608456255
131A,5.620786444
131Y,33.41436585
131H,24.66516254
131Q,25.42791025
131N,6.45743998
131K,48.16498492
131E,14.36755947
131C,3.81417081
131W,74.90472044
131R,50.34874301
131G,11.59968892
132F,2.006855729
132L,1.47881151
132I,7.361804885
132M,-0.434085682
132V,7.135273858
132S,1.304619229
132P,13.77641391
132T,7.183026197
132A,-0.393918985
132Y,2.415444146
132H,3.434769041
132Q,1.353489488
132K,1.558093038
132D,2.431007524
132E,5.427321588
132C,1.259084301
132W,7.609625519
132R,5.920931611
132G,2.764927728
133F,18.66329769
133L,3.714347694
133I,13.36315781
133M,15.54092056
133V,4.508323792
133S,-2.056650912
133P,26.09599196
133A,-2.319907622
133Y,27.41918233
133H,8.843759929
133Q,6.011730391
133N,-0.100370293
133K,10.75333397
133D,3.322037274
133E,7.325871137
133C,-0.56911173
133W,36.78188934
133R,18.46642427
133G,1.562553772
134F,61.26933437
134L,45.28100491
134I,32.29340911
134M,30.32732457
134V,24.65936585
134S,4.360973732
134P,36.56381748
134T,13.17598043
134Y,69.42258953
134H,43.06329685
134Q,65.5110349
134N,22.16657169
134K,46.07855103
134D,19.84960685
134E,51.06220865
134C,10.41822
134W,58.70563303
134R,72.93461752
134G,5.371067182
135F,64.87183538
135L,32.70299665
135I,25.08635061
135M,23.38397291
135V,15.44286312
135S,2.922685887
135P,25.44970192
135T,6.598074869
135Y,62.29720921
135H,47.65408632
135Q,26.75708086
135N,18.3422915
135K,47.7135816
135D,19.89216085
135E,24.61012719
135C,11.13874263
135W,65.74591636
135R,37.60050064
135G,2.489308284
136F,4.929343802
136L,2.219925494
136I,1.229813174
136M,2.482640457
136V,2.11299422
136S,4.461903771
136P,33.05492758
136T,4.447801791
136A,3.236302913
136Y,4.685317732
136H,7.196773359
136Q,5.909672467
136K,5.937299527
136D,4.202690318
136E,8.780836637
136C,3.444317639
136W,8.194159359
136R,3.827291153
136G,6.820711607
137F,1.95587894
137I,-2.629917702
137M,1.755975301
137V,1.357462834
137S,2.524277304
137P,38.80600748
137T,2.801074146
137A,1.578482401
137Y,5.722318276
137H,1.575307543
137Q,0.891108646
137N,1.233918091
137K,4.47875514
137D,2.82041893
137E,2.932988721
137C,2.458345856
137W,6.617349334
137R,3.525782897
137G,4.777519607
138F,11.53378777
138I,0.96760212
138M,0.467646426
138V,2.633348277
138S,4.414863566
138P,25.22955446
138T,3.668557102
138A,2.97107281
138Y,21.34402143
138H,6.613178171
138Q,3.378654875
138N,1.707629594
138K,15.51716976
138D,5.976582782
138E,4.169449135
138C,2.80447186
138W,85.57221323
138R,23.00148038
138G,5.382465696
139F,17.18086427
139I,4.81822569
139M,3.814068407
139V,6.204575053
139S,8.73879358
139P,29.62525561
139T,8.145749011
139A,6.988688757
139Y,32.21469988
139H,13.98768687
139Q,8.140718326
139N,8.800409621
139K,14.72202543
139D,10.44668393
139E,8.341109589
139C,6.964507577
139W,23.78000148
139R,30.03026603
139G,11.54470308
140F,-2.244790055
140L,-3.005165956
140I,-2.388295422
140M,-1.892034806
140V,-2.126291926
140S,-2.209529596
140P,25.09899624
140A,-2.662361025
140Y,-3.246320539
140H,-2.716101561
140Q,-2.886388686
140N,-2.349921092
140K,-5.104683425
140D,-1.625602196
140E,-2.229143167
140C,-1.308696722
140W,-2.51542112
140R,-5.19638892
140G,-0.765558765
141F,8.891963276
141L,11.84701618
141I,3.816942265
141M,-0.889597309
141V,-0.507610776
141S,-2.418555019
141P,25.51559522
141A,-4.240978528
141Y,10.08389889
141H,6.986215402
141Q,4.402044465
141N,2.787484376
141K,15.06876244
141D,-0.67978298
141E,4.676113323
141C,-1.192749318
141W,6.03743609
141R,8.844937824
141G,-1.027977785
142F,4.825271559
142L,-6.583945922
142M,-2.241701616
142V,-2.716009242
142S,-0.507658832
142P,33.0745877
142T,-0.943775802
142A,-0.787101743
142Y,3.471108673
142H,1.630870856
142Q,-1.734203335
142N,-1.532033001
142K,2.097392654
142D,-0.704750009
142E,-2.334263955
142C,-1.591732731
142W,12.84968353
142R,1.172630506
142G,2.053738505
143F,43.89515122
143L,43.82836199
143I,55.67945312
143M,46.6630655
143V,55.91605173
143S,37.47168259
143P,216.8728387
143T,31.06106554
143A,35.06999211
143Y,43.85310322
143H,39.45206609
143Q,44.74031582
143N,39.85655551
143K,44.30047259
143D,43.13754984
143E,47.61800948
143C,40.73011528
143W,45.69479866
143R,43.38242442
144F,21.58423669
144L,26.39170922
144I,53.25529574
144M,23.99773292
144V,38.04417592
144S,17.99590174
144P,121.3306204
144T,24.70079696
144A,21.04553337
144Y,22.26707238
144H,21.67359269
144Q,22.81108608
144N,19.85050848
144K,20.95048767
144D,20.23035768
144E,21.78386188
144C,21.47827641
144W,23.99128658
144R,23.25153589
145F,7.133094907
145L,13.27562538
145I,9.179782134
145M,9.452951383
145V,2.034889901
145S,5.522058659
145T,2.5679081
145A,2.411850615
145Y,5.880036429
145H,4.97123921
145Q,15.04720266
145N,4.616240749
145K,24.58147662
145D,11.64598927
145E,8.772524046
145C,6.347259745
145W,6.95263926
145R,13.684303
145G,6.196901846
146F,-0.99671063
146L,-2.396413557
146I,-2.073578265
146M,-2.610545995
146V,-1.794079245
146S,-3.469842224
146P,7.690751026
146T,-2.466563273
146A,-2.575475371
146Y,-1.166033841
146H,-2.846317846
146Q,-2.218588492
146N,-2.130656706
146D,-3.568776166
146E,-3.496420256
146C,1.055831142
146W,0.036979314
146R,-1.934160185
146G,-0.624680178
147F,2.865634132
147L,5.583591928
147I,0.473096411
147M,0.627161729
147V,0.264978083
147S,-0.25273609
147P,26.87065802
147T,0.681318484
147A,-2.166306104
147Y,1.162058443
147H,0.20589563
147Q,0.210292169
147N,2.286863854
147K,-0.122658487
147D,3.642900669
147C,1.647351848
147W,3.941448527
147R,1.447559977
147G,1.047441276
148F,6.664171529
148I,-6.42357092
148M,-2.128100705
148V,-8.019239158
148S,-3.152128451
148P,18.90046615
148T,-5.74886362
148A,-4.670164084
148Y,24.43075599
148H,-2.269675794
148Q,-4.09134446
148N,-3.236038189
148K,3.456835572
148D,-2.515159745
148E,-3.077942352
148C,-2.707219748
148W,3.214682604
148R,8.712006298
148G,-0.34044804
149F,0.899380535
149L,-0.383556687
149I,3.917254587
149M,-0.223531839
149V,-2.457142179
149S,-2.942809383
149P,14.07094271
149A,-2.0238047
149Y,0.386186098
149H,-1.579276036
149Q,-1.031070702
149N,1.17486525
149K,-1.006959006
149D,-1.685480321
149E,-1.50616571
149C,2.206860219
149W,0.130454125
149R,-0.56846632
149G,0.553019715
150F,2.114251
150L,1.384366248
150I,2.692774643
150M,2.881396503
150V,1.224182128
150S,0.435898372
150P,30.12798805
150T,0.865405763
150Y,1.857863952
150H,1.103398179
150Q,-0.395251534
150N,0.422023926
150K,-0.356152648
150D,3.518504219
150E,1.578020334
150C,1.41614744
150W,1.462162436
150R,0.142910045
150G,2.065429462
151L,6.724798908
151I,6.444173706
151M,6.519462434
151V,4.840670683
151S,6.354804369
151P,30.28145888
151T,4.954999934
151A,5.583003987
151Y,0.831273995
151H,3.820957541
151Q,6.604277819
151N,6.208140777
151K,8.128904449
151D,6.239187173
151E,6.953448167
151C,7.405580762
151W,7.163350443
151R,8.9104715
151G,7.672108991
152F,7.052592951
152I,5.821327279
152M,-0.625735387
152V,2.857514069
152S,2.191718089
152P,35.3957911
152T,3.937339989
152A,0.660116063
152Y,7.763656354
152H,6.991905636
152Q,2.20351367
152N,0.287581746
152K,12.7721421
152D,2.283973931
152E,3.30360115
152C,1.467365529
152W,5.145439406
152R,7.223377926
152G,3.812760326
153F,-1.610395246
153L,-2.122273908
153I,-2.062756917
153M,-0.228148944
153V,-1.607935881
153S,-0.756321401
153P,17.90495992
153T,-1.347020388
153A,-1.396771808
153Y,-2.058110089
153Q,-1.606583049
153N,-0.449793581
153K,-1.662802328
153D,1.821413724
153E,-0.872632989
153C,0.377674014
153W,-0.841698682
153R,-1.057724224
153G,0.201749351
154F,-2.351648618
154L,-3.747839837
154I,-1.46175406
154M,-2.864748833
154V,-1.492088856
154S,-4.282328448
154P,22.56480454
154T,-3.29284759
154A,-3.902493561
154Y,-3.128418328
154H,-3.285347557
154Q,-3.88170802
154K,-4.552312624
154D,-3.526333654
154E,-4.15060208
154C,-1.939918621
154W,-2.442640789
154R,-3.806431143
154G,-1.897335938
155F,7.826606676
155L,5.298695987
155I,2.79405634
155V,5.338397214
155S,1.894217032
155P,22.40476871
155T,2.415680008
155A,2.035770364
155Y,10.76982341
155H,7.719497862
155Q,3.929128728
155N,4.4729169
155K,8.656635219
155D,9.085740095
155E,5.232266071
155C,3.324912984
155W,5.236098413
155R,12.76076188
155G,3.820352582
156F,9.472907144
156L,10.38135101
156I,24.57540831
156M,13.23565587
156V,26.32428342
156S,10.24705844
156P,121.943983
156T,14.6155804
156A,11.66703723
156Y,9.736021548
156H,9.45308854
156Q,10.0003501
156N,7.575663716
156K,9.861203426
156D,8.528734251
156E,10.97743251
156C,15.15815252
156W,12.77654899
156R,12.08891146
157F,26.73903569
157L,10.21894701
157I,4.568588109
157M,6.813593137
157V,3.494633563
157S,4.709206498
157P,32.23758541
157T,3.218347432
157A,4.383449701
157Y,31.29208841
157H,17.02498946
157Q,8.009616255
157N,-5.187619796
157K,20.02925625
157E,7.685936484
157C,3.360657866
157W,48.96166399
157R,25.16197001
157G,9.31019736
158F,-4.179690207
158L,-3.435399974
158I,-3.021334478
158M,-2.210936761
158V,-3.226321382
158S,-3.465632025
158P,-1.21542492
158T,-4.245049261
158A,-2.171408549
158Y,-2.830880317
158Q,-3.997015208
158N,-4.074219937
158K,-4.295136131
158D,-3.24776931
158E,-3.945601753
158C,-2.323102468
158W,-1.74600866
158R,-3.47230648
158G,-1.972775527
159F,3.087895606
159L,1.266738904
159I,-1.220019494
159M,6.424043267
159S,4.422857863
159P,28.98833941
159T,0.851519966
159A,4.960899392
159Y,1.595688923
159H,2.926808193
159Q,2.140281887
159N,3.931523585
159K,2.20694285
159D,3.588271632
159E,2.988983604
159C,4.123930697
159W,4.928067042
159R,3.527670406
159G,8.302173104
160F,25.34892899
160L,5.058392185
160I,-2.798812856
160M,-1.765416064
160V,-3.348795305
160S,-5.029574915
160P,25.73275364
160A,-4.663592273
160Y,32.49886366
160H,12.29917781
160Q,-1.736261045
160N,0.502843161
160K,5.396805077
160D,3.348793781
160E,2.413944928
160C,-2.705469273
160W,21.54036889
160R,19.04501933
160G,-1.717243928
161F,3.375472294
161L,2.589923995
161I,1.619552655
161M,1.953327376
161V,1.137773635
161S,1.523052467
161P,37.3331921
161T,1.358773104
161A,1.81401574
161Y,2.952293185
161H,0.236158705
161Q,1.509741851
161N,3.215346032
161K,0.077926708
161D,6.227521567
161E,2.434994716
161C,2.655763162
161W,5.689146839
161G,4.871332947
162F,-2.290683411
162I,-4.45637685
162M,-0.180271645
162V,-6.673398541
162S,-4.78922114
162P,14.39097758
162T,-5.786604795
162A,-4.889775772
162Y,0.7017268
162H,-4.267059117
162Q,-5.837796928
162N,-4.752163041
162K,9.854201755
162D,-2.365146172
162E,0.374542458
162C,-6.432051416
162W,22.87158512
162R,0.43678078
162G,1.979317732
163F,8.877874295
163L,11.34693617
163I,4.359188441
163M,6.72427301
163V,3.888482427
163S,5.637498494
163P,27.82746141
163T,5.570224945
163A,5.267468762
163Y,8.273525976
163H,8.784281713
163Q,5.108431423
163N,3.345929642
163K,7.253615331
163E,2.328675273
163C,5.136370208
163W,10.80085606
163R,9.044063643
163G,8.563113016
164F,-2.730467242
164L,-5.598185861
164I,0.75492035
164M,-4.148599173
164V,-2.600558562
164S,-5.011071161
164P,35.91406035
164T,-6.0488918
164A,-4.251464943
164Y,-2.59573572
164H,-4.64034637
164Q,-5.652955153
164N,-6.278249677
164K,-4.284330749
164D,-4.129364773
164E,-3.702081531
164C,-3.119992286
164W,-0.360740052
164G,-3.910729277
165F,0.472114929
165L,1.284736511
165I,1.185164961
165M,0.706170011
165V,0.603807564
165S,0.86822066
165P,2.02449529
165T,-0.704910006
165A,2.49040339
165Y,0.058452128
165H,0.914591694
165Q,1.582738515
165N,0.942551147
165K,0.61334525
165D,1.272906906
165E,0.050952644
165C,2.908710729
165R,1.09965411
165G,2.162924906
166F,12.38808646
166L,1.547290126
166I,5.976270677
166M,2.317149512
166V,2.349557938
166S,2.410998007
166P,12.25945725
166T,1.267791854
166A,0.345249489
166Y,16.19464713
166H,6.763468044
166Q,3.169214618
166N,1.292089307
166K,12.43892375
166D,0.88644515
166C,0.793606661
166W,21.85029212
166R,19.92233038
166G,5.078370675
167F,4.887178125
167L,18.87560339
167I,4.79561926
167M,9.491923903
167V,4.593957103
167S,0.876840882
167T,2.823338077
167A,1.526757313
167Y,3.868687382
167H,4.05055499
167Q,9.799787957
167N,4.022299851
167K,11.67236847
167D,9.041756897
167E,6.459515045
167C,3.384566826
167W,3.970262403
167R,7.321721617
167G,2.824486453
168F,-0.235081103
168L,-2.088684644
168I,1.210075202
168M,-0.668970622
168V,-0.839923125
168S,-0.828671912
168P,23.9648823
168T,-1.427977511
168A,-3.12619726
168Y,0.296457824
168H,-0.437952156
168Q,-1.544971975
168N,-2.125838334
168K,-2.802565274
168D,-3.882022493
168C,1.565199807
168W,0.86977881
168R,-1.082010156
168G,0.203106513
169F,8.748634335
169I,-0.821149926
169M,-2.530145391
169V,-0.891792194
169S,2.660170898
169P,21.29630472
169T,3.41726001
169A,0.783711555
169Y,13.73386971
169H,4.847813114
169Q,2.250156268
169N,3.799888414
169K,4.893782044
169D,9.279490826
169E,6.423322177
169C,1.727704821
169W,19.05925933
169R,23.16434806
169G,4.584672133
170F,9.067918029
170L,-1.328825768
170I,4.216561398
170M,1.500332278
170V,4.135499664
170S,0.568843903
170P,23.59443162
170T,-0.911579079
170A,1.810597073
170Y,12.16761783
170H,2.255695457
170Q,0.00157231
170K,1.622503668
170D,4.508156666
170E,4.409662981
170C,2.251784162
170W,5.503095975
170R,0.131113083
170G,3.172523639
171F,0.477727039
171L,0.135639912
171I,0.413881778
171M,-0.069015602
171V,0.785587569
171S,-2.291780771
171P,21.34327295
171T,1.060956423
171A,-2.819004143
171Y,-0.151983842
171H,-1.411878136
171Q,-2.990951674
171N,0.196907351
171K,-1.630190612
171D,-1.760325683
171C,0.046471419
171W,1.287939037
171R,-1.280958301
171G,-0.357138132
172F,6.078499274
172L,3.301870992
172I,14.94917994
172M,2.34679567
172V,10.08222188
172S,-0.662915912
172P,207.9681329
172T,4.566774955
172Y,9.624963739
172H,2.398247808
172Q,9.800365483
172N,-1.982208542
172K,15.74503517
172D,2.294696391
172E,8.779234739
172C,-0.110629431
172W,1.131178126
172R,16.90021278
172G,2.129557446
173F,-3.274117626
173L,-6.356776549
173M,-2.408745445
173V,-1.2780535
173S,-4.037350729
173P,-5.91784106
173T,-3.282920871
173A,-4.965977153
173Y,-3.656863028
173H,-3.570268428
173Q,-4.938868965
173N,-3.909717213
173K,-3.533713493
173D,-1.956454797
173E,-2.968945251
173C,-0.466538579
173W,0.357891054
173R,-3.907800231
173G,-3.211611329
174F,5.549459906
174L,4.109871404
174I,4.10194439
174M,5.039469121
174V,6.021230515
174S,2.353277797
174T,5.131984118
174A,2.59442069
174Y,4.808876213
174H,4.388894874
174Q,4.20463093
174N,2.936201468
174K,2.69592549
174D,1.959993898
174E,2.361795042
174C,5.804602691
174W,4.85780169
174R,4.056320354
174G,5.040706419
175F,2.593464111
175L,3.058223146
175I,15.97942435
175M,4.413678623
175V,15.64638766
175S,1.789288512
175P,166.6992049
175T,5.228954877
175A,2.941142622
175Y,2.574459502
175H,1.045094064
175Q,2.109472794
175K,1.175903321
175D,0.340466462
175E,1.831099727
175C,4.577628932
175W,4.82747322
175R,2.53408081
175G,1.612492626
176F,10.05203448
176L,5.751523665
176I,9.23495951
176M,4.578999831
176V,8.449201247
176S,7.486105289
176P,20.43723798
176T,8.056271548
176A,7.676313265
176Y,9.994274193
176H,9.979612592
176Q,6.642335203
176N,4.827987409
176K,10.94848782
176E,4.50150089
176C,7.518516352
176W,10.94554327
176R,11.94507595
176G,9.237845136
177F,1.366790947
177L,0.440659556
177I,-0.030458484
177M,0.980822021
177V,-0.151705183
177S,-1.728110137
177P,-3.411688676
177T,-1.152721636
177A,-1.062503327
177Y,1.592247814
177H,-0.216152893
177Q,-1.262294783
177N,-1.762215877
177K,-1.434078189
177D,-1.543006489
177C,1.144575696
177W,1.128503555
177R,-0.139049673
177G,0.616427524
178F,5.27744172
178L,2.775273557
178I,9.519849616
178M,3.754278198
178V,6.199622899
178S,2.158216141
178P,21.54567953
178T,2.37076886
178A,1.502725657
178Y,5.439363244
178H,3.968117119
178Q,1.854082585
178N,3.170138304
178K,0.708072697
178D,5.932752456
178E,4.499014973
178C,3.642342415
178W,4.685528789
178G,3.10133236
179F,12.97297248
179L,14.44726102
179I,25.38649145
179M,11.82314313
179V,16.98955605
179S,4.216990717
179P,102.362216
179T,4.96253097
179A,4.948171337
179Y,1208.251749
179H,11.90697063
179Q,17.05586006
179N,0.563832734
179K,21.81341578
179E,14.5000873
179C,1.821168396
179W,1070.110648
179R,17.7228626
179G,4.855388315
180F,5.223936267
180L,5.209207516
180I,10.44858481
180M,1.912279596
180V,1.270862981
180S,-1.898653681
180P,16.60685885
180A,-0.8419746
180Y,4.885191834
180H,-0.723543509
180Q,0.581769305
180N,2.107572079
180K,4.215842419
180D,8.119830543
180E,5.000043808
180C,-1.894112083
180W,4.622610846
180R,3.520100171
180G,2.752397557
181F,39.31946114
181L,9.708009456
181I,6.162256419
181M,16.52804908
181V,8.717875389
181S,-1.209113825
181P,19.48753703
181A,-1.332798562
181Y,32.34417727
181H,19.08617259
181Q,5.502927504
181N,0.904703941
181K,20.34301259
181D,3.290537007
181E,10.03547524
181C,-2.039582582
181W,87.54827309
181R,25.73861434
181G,1.398649653
182F,14.45427167
182L,4.786087966
182I,0.227252303
182V,-0.414612678
182S,2.063783249
182P,17.11126686
182T,-1.881250155
182A,2.354380459
182Y,15.56496481
182H,11.6814189
182Q,0.055993848
182N,8.544692991
182K,1.536702996
182D,7.609893351
182E,1.688777702
182C,4.184084977
182W,9.894649232
182R,3.710241699
182G,8.684430563
183F,15.61906122
183L,5.757925216
183I,9.060993635
183M,15.97829126
183V,7.177714426
183S,5.054989417
183T,6.72064625
183A,2.323305014
183Y,17.6114394
183H,11.11395694
183Q,12.77752043
183N,6.658090722
183K,20.98184707
183D,7.329811923
183E,11.01144787
183C,4.48381648
183W,42.00098754
183R,33.35610496
183G,6.408801214
184F,0.33331186
184L,-3.904646406
184I,-0.159516047
184M,0.060973849
184V,-0.643348735
184S,-0.525574136
184P,16.64338652
184T,-0.907643737
184Y,-0.286698546
184H,-1.552907314
184Q,-1.27865733
184N,-0.289274003
184K,-3.142869811
184D,1.182858753
184E,-0.611422765
184C,1.758011493
184W,-0.215666247
184R,-2.58494008
184G,1.442643137
185F,8.791433204
185L,11.35856335
185I,1.593682026
185M,3.151731607
185V,1.085111084
185S,-1.177574735
185P,9.61210056
185T,1.254282739
185Y,8.60031969
185H,6.902884085
185Q,3.312069291
185N,10.44906352
185K,6.696559205
185D,14.70306139
185E,7.516804663
185C,8.19407929
185W,8.644103827
185R,6.573822733
185G,2.02861634
186F,-1.091855598
186L,-0.18804523
186I,3.061355632
186V,5.576028687
186S,0.658089503
186P,22.10040546
186T,-1.108371963
186A,-0.940082206
186Y,0.059104162
186H,2.961876297
186Q,1.010730697
186N,2.725511751
186K,3.900430237
186D,2.762339613
186E,1.814962319
186C,1.633239636
186W,4.730953716
186R,2.588758675
186G,3.90962448
187F,44.12109113
187L,17.15692646
187I,18.9111088
187M,9.86268778
187V,91.54115349
187S,4.089190712
187P,20.67577617
187T,20.67399125
187Y,72.26746123
187H,23.76745406
187Q,9.588231743
187N,28.70970999
187K,30.33583408
187D,16.44366549
187E,39.42299025
187C,6.480420571
187W,33.67334421
187R,47.05864749
187G,4.703247146
188F,-7.03231162
188L,-6.863417744
188I,-6.728407288
188M,-5.627708544
188V,-6.183078772
188S,-5.539154271
188P,13.87292662
188A,-5.138612668
188Y,-6.814579716
188H,-6.674813299
188Q,-6.669347742
188N,-6.034178184
188K,-6.940274032
188D,-5.32134775
188E,-5.810807554
188C,-3.913956973
188W,-5.817363723
188R,-6.214124747
188G,-3.681355136
189F,5.834510971
189L,-2.97844039
189I,-1.54731129
189M,0.475070204
189V,-4.948608431
189S,-4.695620577
189P,22.39535656
189A,-4.9948142
189Y,10.32835637
189H,0.809826821
189Q,-2.217095952
189N,-1.957108646
189K,13.21478393
189D,-0.753027694
189E,-0.746395466
189C,-4.016324639
189W,26.09355733
189R,8.919950055
189G,-1.309117312
190F,-2.805964167
190I,-8.88934125
190M,-2.466949336
190V,-8.419577649
190S,-3.854344455
190P,27.48778342
190T,-6.3842682
190A,-4.356321453
190Y,-1.025496648
190H,-3.120920568
190Q,-5.731343574
190N,-4.14834853
190K,4.372345612
190D,-3.225931999
190E,-5.714686317
190C,-4.365251131
190W,9.772722544
190R,5.958510284
190G,-1.097347007
191F,10.54662392
191L,-1.313749621
191I,29.41378428
191M,0.997687331
191V,2.113956053
191S,2.060887822
191P,35.97696644
191T,4.162680434
191A,-0.092448826
191Y,12.70023943
191H,3.653774783
191Q,1.230352301
191N,3.845210113
191K,1.922451808
191D,7.495454477
191E,6.017540202
191C,2.102485054
191W,3.432773628
191G,2.902521492
192F,-2.786758082
192L,-6.772643275
192I,-6.590947394
192M,-4.267171455
192V,-5.886439916
192S,-3.98263815
192P,18.32713685
192T,-4.879120258
192A,-4.670863174
192Y,-3.5538386
192H,-4.104205209
192Q,-5.082923904
192N,-5.252384479
192D,-3.835004258
192E,-5.259045215
192C,-3.059256992
192W,-5.347785047
192R,-6.462862676
192G,-1.689467164
193F,-1.774215704
193I,-1.744025052
193M,-3.665064201
193V,0.721133618
193S,-0.117678324
193P,23.29525335
193T,-0.11739609
193A,-0.723598567
193Y,-1.995795437
193H,-2.952988177
193Q,-1.479810775
193N,-3.004495875
193K,4.042221417
193D,-0.174965002
193E,-0.565066837
193C,-2.003892194
193W,31.74358553
193R,6.033294273
193G,1.191598618
194F,-4.085021739
194I,-2.985225617
194M,-5.432759839
194V,-3.680180295
194S,-3.995645442
194P,26.12984663
194T,-3.378720225
194A,-4.276057476
194Y,1.746560766
194H,-4.8020803
194Q,-5.845452508
194N,-3.257237541
194K,1.276301105
194D,-1.292775857
194E,-3.177851238
194C,-2.084186422
194W,-1.772683493
194R,2.762366532
194G,-0.562648629
195F,-0.221719606
195L,0.453541322
195I,-1.283427555
195M,-1.68748484
195V,-3.837562644
195S,-2.259436439
195P,11.02797135
195A,-0.865658608
195Y,-0.657875313
195H,-0.224975811
195Q,-3.265038247
195N,-0.723076407
195K,-2.992634043
195D,0.601936907
195E,-2.004372031
195C,-1.725533221
195W,2.605654004
195R,-1.920992657
195G,1.383969337
196F,4.330652316
196L,2.663998475
196I,5.711285818
196M,-0.737992061
196V,5.837905788
196S,-7.879419117
196P,23.87716274
196T,2.995370282
196A,-4.893686886
196Y,-0.839798175
196H,-2.40175146
196Q,-1.602322327
196N,-0.937977577
196K,1.009175222
196D,-3.710896998
196E,-3.683045253
196C,-0.899695827
196W,-0.20238171
196R,1.105617242
197F,2.279702687
197L,0.82578084
197I,2.879466453
197M,1.741539809
197V,2.797039466
197S,-0.258368461
197P,-2.385316354
197T,0.374768593
197A,1.35120568
197Y,1.805022001
197H,0.493434736
197Q,0.623823616
197N,-0.621479806
197K,-0.062877868
197D,-0.970418781
197C,3.018228277
197W,3.415115962
197R,1.103501524
197G,1.099916083
198F,-4.19801314
198I,-6.183983862
198M,-3.337939866
198V,-5.285624692
198S,-3.070938792
198P,15.12798381
198T,-4.9073716
198A,-3.168844878
198Y,-3.799568615
198H,-3.688491466
198Q,-3.905814367
198N,-2.884122365
198K,-3.092960031
198D,-3.940493507
198E,-4.224998067
198C,-1.875790085
198W,-2.356742648
198R,-1.89117407
198G,-0.979954015
199F,9.523895233
199I,-0.922153364
199M,0.199641387
199V,1.892990615
199S,3.097725473
199P,13.43454571
199T,2.774144193
199A,3.017335326
199Y,14.25915429
199H,2.722322566
199Q,0.651642011
199N,1.129105104
199K,11.83028088
199D,5.239661287
199E,3.49845236
199C,2.47494188
199W,11.19110942
199R,13.10091526
199G,5.214532045
200F,-1.929556569
200L,-3.87866995
200I,-3.001848098
200M,-2.621805352
200V,-2.781554027
200S,-4.438448147
200P,2.871213341
200A,-4.127398638
200Y,-2.164940844
200H,-6.491656321
200Q,-3.461640362
200N,-4.772450099
200K,-4.866338543
200D,-5.045560314
200E,-3.352106779
200C,-2.159468343
200W,-1.896599985
200R,-5.542395827
200G,-2.31801972
201F,-1.252748368
201I,-0.719783142
201M,-0.325576878
201V,-1.155964802
201S,-3.255687295
201P,-7.203105313
201T,-1.786422248
201A,-3.525382298
201Y,-2.292960724
201H,-2.326449647
201Q,-3.064845004
201N,-1.819229613
201K,-3.225873226
201D,-1.877369944
201E,-3.827162545
201C,0.521868959
201W,-2.478955299
201R,-1.545379453
201G,-1.556587851
202F,2.876852783
202L,0.680757831
202I,1.211508765
202M,2.130886501
202V,1.246626603
202S,0.127116193
202P,4.339811837
202T,0.790154643
202Y,2.081692465
202H,1.48677666
202Q,0.124099908
202N,-0.110436446
202K,-0.456216046
202D,-0.947238883
202E,-1.276341447
202C,3.161540544
202W,2.132945866
202R,0.605324817
202G,1.843047011
203F,-2.022247752
203L,-1.646925735
203I,1.289373172
203M,-4.516392742
203V,-1.915786405
203P,17.26900217
203T,-2.941229839
203A,-5.706704334
203Y,-1.580161926
203H,-2.51687192
203Q,-2.917358567
203N,-3.131969442
203K,-3.025981147
203D,2.42841282
203E,-0.632564801
203C,-3.271674648
203W,3.378903441
203R,-2.667439842
203G,-1.611167283
204F,5.372471709
204L,-2.607539602
204I,-3.344716555
204M,-1.763577601
204V,-2.718672848
204S,0.906669981
204P,23.83499855
204T,0.704581274
204A,-1.616474817
204Y,8.319318311
204H,3.998921663
204Q,-2.275892056
204N,3.928249848
204K,-2.395323164
204D,7.182897812
204E,5.801780064
204C,-0.216020226
204W,16.08025209
204G,2.282954323
205F,5.146375568
205L,-0.295923246
205I,0.119352865
205M,2.00277678
205V,1.060372834
205S,1.927577678
205P,23.69945598
205T,1.787276613
205A,1.745029544
205Y,5.679490188
205H,1.491224573
205N,1.06918494
205K,0.233413675
205D,1.950312147
205E,1.119830144
205C,2.979199812
205W,0.55438282
205R,0.26364864
205G,4.104098885
206F,0.980174132
206L,-3.70413372
206I,-3.357642927
206M,-1.305483443
206V,-2.331437805
206S,-0.812529682
206P,17.74901188
206T,-2.791717241
206A,-1.655078368
206Y,1.655366672
206H,0.462488849
206N,-0.067093966
206K,0.215037783
206D,-0.139138736
206E,-2.380980771
206C,1.025885355
206W,-0.982828653
206R,0.513620859
206G,1.632223964
207F,9.205614658
207I,-6.151013027
207M,-4.94646373
207V,-5.592302604
207S,-2.258915111
207P,18.73786723
207T,-3.948565924
207A,-3.270035988
207Y,18.66178848
207H,0.961459637
207Q,-3.450673704
207N,-2.474446872
207K,2.912276612
207D,-0.844102868
207E,-2.33308167
207C,-1.316681248
207W,22.40711992
207R,13.14779546
207G,0.158735246
208F,7.904976665
208L,-1.814863581
208M,0.470814615
208V,-0.43235508
208S,2.246388892
208P,23.69779528
208T,0.510597712
208A,1.327560795
208Y,9.116411806
208H,6.279454899
208Q,0.948454694
208N,2.508926574
208K,0.927833643
208D,3.960494884
208E,1.659550075
208C,3.011603815
208W,6.801805866
208R,1.893199145
208G,4.403502155
209F,-0.115136745
209L,-2.183985639
209I,-1.609113564
209M,0.240249448
209V,-0.720249348
209S,-0.922082584
209P,27.78021365
209T,-1.208886731
209A,-1.881736167
209Y,-0.578915021
209H,-0.474301368
209Q,-1.005716152
209N,-2.340426409
209K,-1.133792167
209E,-1.521524952
209C,0.343685132
209W,-0.08444938
209R,-0.612057954
209G,0.688314117
210F,1.897106495
210L,3.610255815
210I,9.295271068
210M,2.51752807
210V,9.189716817
210S,5.434971111
210P,29.09495511
210T,6.821164841
210A,3.908012467
210Y,3.829255136
210H,4.420762958
210Q,7.262651505
210N,4.226370264
210K,9.203853207
210D,5.270133536
210E,7.726843981
210C,5.66472148
210R,6.305337487
210G,7.875305359
211F,28.50657448
211L,1.965519962
211I,10.64282021
211V,9.910719324
211S,5.934949764
211P,34.71039163
211T,5.921279391
211A,4.158011183
211Y,41.93629419
211H,17.0724883
211Q,2.604321752
211N,4.353537653
211K,8.868438039
211D,6.401539807
211E,4.465485124
211C,4.363401503
211W,28.74100729
211R,5.085441705
211G,7.679476253
212F,-2.183671723
212L,-3.127796133
212I,-2.085866141
212M,-1.226307004
212V,-3.474661066
212S,-1.352323139
212P,30.57134222
212T,-1.698286181
212A,-3.88411664
212Y,-2.926405915
212H,-2.523205894
212Q,-2.020040654
212N,-0.862856459
212K,-3.053841332
212D,0.775021734
212C,0.519967829
212W,-0.90423664
212R,-2.676558768
212G,-0.654416146
213F,-1.08316479
213L,-2.604462788
213I,-0.683242127
213M,-2.275355875
213V,-0.371431639
213S,-2.667956408
213P,28.57302107
213T,-1.102742911
213Y,-1.617334692
213H,-1.923188546
213Q,-3.254844009
213N,-3.210504396
213K,-2.77093515
213D,-1.271087404
213E,-2.884373149
213C,-1.173670895
213W,-0.705292542
213R,-1.943468314
213G,-1.497635481
214F,7.283450741
214L,-5.458331537
214I,-0.700119462
214M,0.754694763
214V,-5.964166979
214S,-4.159964326
214P,14.71048434
214T,-5.694875119
214A,-5.70639379
214Y,9.388648933
214H,3.191256784
214Q,-4.239766201
214N,-3.696181471
214K,21.10316137
214E,-1.446706594
214C,-6.258864521
214W,25.21420735
214R,13.97557333
214G,-1.863777469
215F,-1.405329943
215L,-3.303376947
215I,-1.439577487
215M,-1.367692838
215V,-3.005321509
215S,-2.844296786
215P,1.3267832
215T,-3.704585786
215A,-1.159121737
215Y,-3.40006746
215H,-2.34386202
215Q,-4.394465791
215N,-3.24159404
215D,-0.266966533
215E,-2.333974908
215C,-1.33124481
215W,-0.894995763
215R,-3.301872398
215G,0.132941838
216F,5.222711101
216L,-9.563503862
216I,-5.064368307
216M,-9.858759061
216S,-10.60316243
216P,13.07768157
216T,-13.84019733
216A,-8.716949849
216Y,4.9484352
216H,-3.438984885
216Q,-10.74175351
216N,-7.739210128
216K,-8.549895457
216D,-6.093214701
216E,-7.670588083
216C,-9.509204885
216W,-4.254692136
216R,-9.509624968
216G,-7.071936638
217F,48.31838096
217L,8.250606938
217I,9.502964416
217M,15.17440389
217V,5.801590654
217S,-1.115333496
217P,16.15921889
217T,3.717719503
217Y,46.03881506
217H,18.20000768
217Q,12.20002964
217N,3.259172735
217K,31.86681373
217D,12.23797883
217E,19.55083194
217C,2.687872144
217W,1900.274607
217R,41.22872208
217G,1.545902962
218F,0.697771975
218L,-7.559214154
218I,-0.294602405
218M,0.792650403
218V,-0.364492648
218S,0.341544178
218P,16.94852299
218T,-0.159510629
218A,-8.515935075
218Y,-0.094398771
218H,0.163385181
218Q,-1.640810713
218N,-0.818948815
218K,-0.881900337
218D,0.368320688
218E,-0.838471753
218C,2.231493353
218W,2.540749838
218R,0.753634413
219F,-5.061583102
219L,-6.9655245
219I,-4.970249838
219M,-6.661002375
219V,-6.568939505
219S,-7.188935927
219T,-6.070714922
219A,-6.933176238
219Y,-5.44175337
219H,-6.634897485
219Q,-7.823739472
219N,-7.541852567
219K,-8.528019319
219D,-7.676143963
219E,-7.549366299
219C,-4.6055212
219W,-4.180677306
219R,-7.152410523
219G,-5.98331023
220F,20.24504101
220I,9.30091742
220M,5.429918366
220V,8.508572784
220S,4.310305389
220P,30.12762734
220T,-0.044270932
220A,7.639725492
220Y,26.6802686
220H,12.79990313
220Q,8.578083714
220N,3.78139903
220K,18.16647383
220D,2.98738752
220E,9.632351295
220C,7.776656791
220W,25.22652828
220R,20.19710927
220G,1.438978593
221F,11.85079613
221I,1.98295697
221M,0.074052257
221V,3.905977894
221S,7.977104093
221P,13.50162899
221T,6.426834723
221A,6.922977007
221Y,16.32923162
221H,12.93485215
221Q,4.617428666
221N,4.021009561
221K,10.03584311
221D,4.893736468
221E,3.739042263
221C,6.596683259
221W,13.5463068
221R,10.16612934
221G,10.26044159
222F,6.971478237
222L,5.090810447
222I,4.661133783
222M,5.066524664
222V,4.759979791
222S,6.695121769
222P,4.69762724
222T,7.074212615
222A,4.936278565
222Y,6.654360689
222H,6.443575776
222Q,1.066289783
222N,5.488310721
222K,2.772579777
222D,7.476284514
222E,6.23897785
222C,6.815155703
222W,7.443106985
222G,7.886255039
223F,2.13694761
223L,0.175413843
223I,2.144288229
223M,1.082999759
223V,3.078464772
223P,13.17160841
223T,1.677508397
223A,-1.930810707
223Y,3.59464765
223H,0.089338785
223Q,1.502619434
223N,0.38372907
223K,-0.274906811
223D,9.136386308
223E,1.181551913
223C,3.33678159
223W,2.539131185
223R,0.486894516
223G,0.798200383
224F,15.25731009
224L,7.354077698
224I,0.468623727
224M,0.003732601
224V,-2.664678591
224S,-0.259147149
224P,17.74834745
224T,-1.685957242
224Y,3.557175436
224H,11.50367129
224Q,1.632557997
224N,1.146947302
224K,2.622072716
224D,3.898456333
224E,2.922824875
224C,0.704086273
224W,2.594749213
224R,2.367630267
224G,3.507026205
225F,21.70653653
225I,-2.327466918
225M,2.173144676
225V,-2.301634217
225S,2.296220455
225P,26.76115309
225T,0.277098679
225A,2.60894349
225Y,23.86173366
225H,8.606221876
225Q,1.185882983
225N,1.769204109
225K,6.663944167
225D,5.238859853
225E,2.924526379
225C,1.310287511
225W,17.18970541
225R,3.934735997
225G,7.201803756
226F,6.805083216
226L,4.166411
226I,5.556380692
226M,5.601013858
226V,6.889428204
226S,5.252555032
226T,7.890948546
226A,4.27211553
226Y,6.443462109
226H,4.352056576
226Q,5.166749838
226N,4.804177044
226K,4.09646995
226D,4.963677679
226E,4.373999776
226C,6.468749441
226W,4.295171277
226R,4.466223896
226G,7.017200824
227F,1.817315949
227L,1.019147559
227I,1.864074666
227M,2.264133281
227V,1.513885301
227S,-0.623651566
227P,-3.523707298
227T,0.225220111
227Y,0.97188291
227H,0.579685125
227Q,0.229895219
227N,0.165405993
227K,-0.511858306
227D,-0.843248086
227E,-1.148990106
227C,2.520839204
227W,2.949359923
227R,0.795202896
227G,1.670294285
228F,6.828392176
228L,8.912971385
228I,20.63441674
228M,12.53967337
228V,21.36937064
228S,7.595982786
228P,118.2001485
228T,13.0793512
228A,9.16045789
228Y,7.20290386
228H,7.324391531
228Q,12.02996456
228N,5.034599658
228K,6.991015667
228D,7.138324959
228E,9.163426401
228C,11.87380297
228W,11.11075285
228R,10.91221801
229F,7.69378372
229L,11.592688
229I,16.58635743
229M,12.18883059
229V,13.09338722
229S,9.954472471
229P,36.25800808
229T,12.88756312
229A,9.825657105
229Y,6.220244298
229H,8.543281952
229Q,13.22819426
229N,11.3791919
229K,12.67646672
229D,10.46016206
229E,14.58311181
229C,8.756724956
229R,11.68338493
229G,11.51085349
230L,2.661289604
230I,4.474542062
230M,5.506783889
230V,3.236783197
230S,3.636628515
230P,17.35103059
230T,4.573946258
230A,2.765690533
230Y,-0.976032998
230H,3.859142744
230Q,5.248338167
230N,4.718989874
230K,5.104543994
230D,7.597934176
230E,8.427466355
230C,4.863177377
230W,5.478533054
230R,2.797212373
230G,6.553962996
231F,11.50717885
231L,8.583604286
231M,2.792315121
231V,2.646343599
231S,6.549172318
231P,20.54445854
231T,6.542893948
231A,5.774416679
231Y,23.31761395
231H,16.10948288
231Q,5.553346697
231N,8.301455972
231K,15.83955624
231D,12.73915106
231E,7.141703197
231C,5.233235122
231W,14.76922392
231R,15.11506295
231G,11.11563977
232F,116.5519708
232L,28.01516577
232I,6.31105273
232M,5.873584949
232V,4.819799749
232S,1.319662663
232P,21.95887278
232T,4.827803282
232Y,38.04659857
232H,24.28850028
232Q,88.92992916
232N,14.40822497
232K,16.41532284
232D,15.46107611
232E,90.16450897
232C,5.162130072
232W,63.76270408
232R,24.61249263
232G,4.543829093
233F,14.50755895
233L,3.745151129
233I,12.26684109
233M,6.66932147
233V,3.876185956
233S,-3.654101607
233P,11.09387296
233T,-0.767153383
233A,-2.755064043
233Y,16.63821097
233H,6.90096403
233Q,2.128266762
233N,-0.434089591
233K,20.8224339
233E,0.685474292
233C,-4.362828786
233W,24.81527356
233R,18.18740851
233G,-1.220744167
234F,3.660266731
234L,2.143241999
234I,2.884329266
234M,-1.959187194
234V,1.986123583
234S,-1.144734663
234P,42.57290653
234T,-1.69500997
234A,-1.354426376
234Y,11.79923699
234H,2.210751021
234Q,-1.316749845
234N,-0.600529935
234D,4.011286334
234E,6.100752871
234C,-1.709851887
234W,29.98625577
234R,12.15145679
234G,4.01086925
235F,6.593141124
235L,17.53950014
235I,5.947178315
235M,1.889470262
235V,3.249995657
235P,0.835787818
235T,2.089116886
235A,-4.66037621
235Y,8.76357043
235H,5.698536967
235Q,0.451516189
235N,-3.039980727
235K,12.59298598
235D,-1.344612866
235E,10.14876633
235C,-3.076714833
235W,12.16525944
235R,2.834139675
235G,-2.517409333
236F,22.37716656
236L,26.594103
236I,17.97909335
236M,13.47313157
236V,10.77648364
236S,3.210454419
236P,24.05465986
236T,3.596164815
236A,-2.382735956
236Y,24.63170571
236H,22.96199499
236Q,14.6403142
236N,8.452875338
236K,31.20317613
236D,10.37574204
236E,20.70872486
236C,1.660968768
236W,41.07515766
236R,35.44652249
237F,-0.758494805
237L,0.165405961
237I,8.863175918
237M,0.042360468
237V,0.578170306
237S,-1.507182735
237P,10.1513527
237T,0.965006268
237Y,-1.293094226
237H,-0.44014598
237Q,-1.131473726
237N,0.729626136
237K,-0.605234309
237D,2.378458297
237E,-0.965973892
237C,1.464648517
237W,-1.686497373
237R,0.137386145
237G,2.207147363
238F,36.25397138
238L,27.45451209
238I,20.50883737
238M,27.98850313
238V,17.83404741
238S,7.753463639
238P,40.51369195
238T,19.25962
238A,3.694076204
238Y,52.01364691
238H,30.00597256
238Q,26.79911899
238N,17.18968989
238K,42.81610757
238D,22.10199146
238E,17.82804907
238C,10.84478093
238W,55.60208555
238R,33.17647105
240F,0.351578928
240L,-0.654377468
240I,3.758980015
240M,0.299734037
240V,3.138836363
240S,-0.852942127
240P,5.227413704
240T,-0.386022029
240A,-1.054701122
240Y,-0.239304041
240H,-1.227890218
240Q,-0.986156716
240N,-1.770149703
240K,-1.432541573
240D,-3.707963226
240C,0.945851134
240W,1.453512051
240R,-0.447110228
240G,-0.249434357
241F,-0.737958491
241L,0.936212244
241I,11.54273369
241M,1.53126711
241V,11.17255
241S,-0.02599745
241P,43.268159
241T,4.017682967
241A,0.370726051
241Y,-1.467538512
241H,-1.731020505
241Q,-0.861852215
241N,-4.004211491
241K,-1.200471706
241D,-0.230896649
241E,0.371652818
241C,0.368949801
241W,2.962226499
241G,0.170127106
242F,10.96853068
242L,19.99789769
242I,29.55768886
242M,22.83940062
242V,30.76158485
242S,12.40388178
242P,307.121115
242T,17.90119875
242A,6.79147919
242Y,9.924627494
242H,12.81411529
242Q,21.6077376
242N,10.48570533
242K,22.14694297
242D,13.86427857
242E,22.83152118
242C,19.87069069
242W,13.49255913
242R,22.84850224
243F,18.60249309
243L,7.601352474
243I,14.64382042
243M,16.04644737
243V,8.933403729
243P,18.47507776
243T,-1.4447504
243A,-6.375198705
243Y,17.57386148
243H,17.23706658
243Q,9.368189228
243N,6.270496911
243K,19.79840947
243D,8.719521819
243E,11.98540262
243C,-2.916669979
243W,30.79366962
243R,9.961436225
243G,-2.182112512
244F,-0.551906357
244L,-6.27202326
244I,-4.411918342
244M,-3.961201693
244V,-5.221335983
244S,-4.180354456
244P,38.49903162
244T,-4.286319559
244A,-4.95092607
244Y,3.462504056
244H,-0.460623694
244Q,-3.651646964
244N,-2.264060551
244K,-3.481781331
244D,0.304151779
244E,-0.161795877
244C,-4.050671537
244W,8.756244843
244G,-1.117451711
245F,22.3677962
245L,12.31403329
245I,22.58771729
245M,21.54126606
245V,14.88508733
245S,-0.729728084
245P,16.3872384
245T,1.357307083
245A,-2.76741684
245Y,30.07371271
245H,22.29245813
245Q,25.29330918
245N,3.27898318
245K,31.23186334
245D,7.360244755
245E,21.20178588
245C,-0.411516988
245W,32.79947999
245R,31.717974
246F,12.66893325
246L,8.48783465
246M,3.916925998
246V,2.503144106
246S,6.702137056
246P,23.35793643
246T,5.572561942
246A,6.968173241
246Y,22.39713558
246H,8.115865044
246Q,1.160691914
246N,8.694518684
246K,15.65824985
246D,11.58630393
246E,4.410823298
246C,6.314960744
246W,80.17915353
246R,25.74740399
246G,12.1586107
247F,20.95061793
247L,0.207068091
247M,2.830435191
247V,-1.44499658
247S,4.52954411
247P,27.95812931
247T,1.554348072
247A,4.241564051
247Y,27.57418429
247H,13.62421581
247Q,4.42934806
247N,5.383329968
247K,12.3030806
247D,6.331185282
247E,5.564948648
247C,2.744326633
247W,16.44036167
247R,19.64130741
247G,7.83372445
248F,37.85151362
248L,20.14869618
248I,18.51313271
248M,31.87556153
248V,11.07256755
248S,2.031071214
248P,52.82139378
248T,6.273116563
248Y,38.34164146
248H,19.15815779
248Q,28.83123446
248N,17.15326032
248K,32.93067022
248D,18.66902516
248E,28.5300714
248C,6.625553174
248W,34.35687016
248R,16.70498894
248G,5.998309195
249F,11.96445513
249L,-3.215972958
249I,-4.912072586
249M,15.8479713
249V,8.963656241
249S,0.815190025
249P,135.6488712
249T,2.652671708
249Y,14.30355324
249H,3.994104663
249Q,-0.936800763
249N,3.652824804
249K,29.17822461
249D,5.877888467
249E,24.52217278
249C,3.386466509
249W,85.15739037
249R,43.49581723
249G,5.963015841
250F,7.723102285
250I,19.83271008
250M,4.335734626
250V,14.15697375
250S,4.553467794
250P,12.86188487
250T,4.964497619
250A,4.541487578
250Y,15.85669248
250H,6.741358689
250Q,2.436598312
250N,6.162203157
250K,10.05161729
250D,7.865649962
250E,3.464492308
250C,4.951151044
250W,17.14411633
250R,16.18680178
250G,8.666238391
251F,63.6683898
251L,43.74112826
251I,62.65044393
251M,37.25858761
251V,54.83687172
251S,50.47155664
251P,83.97176179
251T,38.59108206
251A,24.02163963
251Y,34.46441851
251H,27.89444413
251Q,37.60497825
251N,31.33691372
251K,41.76268968
251D,37.09088122
251E,32.52476693
251C,20.0239574
251W,47.13617924
251R,36.10547208
252F,6.803974122
252L,13.00814342
252I,13.60681954
252M,8.785371433
252V,10.41763002
252S,3.080396876
252T,6.933279946
252A,5.540351523
252Y,17.78306468
252H,12.18838347
252Q,7.361866677
252N,6.009971482
252K,5.842424533
252D,7.933554462
252E,9.514835337
252C,8.139657385
252W,11.51910759
252R,6.751051676
252G,7.30502616
254F,3.121348576
254L,3.292806818
254I,16.32042887
254M,4.422086747
254V,16.424762
254S,1.463590171
254P,247.8454223
254T,6.461699077
254A,2.77422883
254Y,2.538174069
254H,0.827634306
254Q,1.788220672
254N,-0.50962152
254K,0.87461102
254E,1.093796626
254C,4.362573116
254W,5.195414884
254R,2.262235511
254G,2.772822002
255F,2.231612388
255L,2.094697087
255I,14.21505968
255M,3.651946893
255V,14.77625538
255S,2.194994014
255P,199.7671187
255T,4.823175798
255A,2.993843476
255Y,2.227701349
255H,1.154487321
255Q,2.70846467
255N,0.481498482
255K,1.32561767
255D,1.642531603
255E,2.04199917
255C,4.477327869
255W,3.024977264
255R,2.471066163
256F,1.064885697
256L,-0.580531093
256I,-0.230701989
256M,0.489832605
256V,-1.28193796
256S,-1.121053137
256P,12.85486775
256T,-1.462177307
256A,0.275334835
256Y,0.599788697
256H,-0.378253763
256Q,-1.055488505
256N,0.881318562
256D,3.703882547
256E,-1.100900242
256C,2.846520693
256W,9.077753732
256R,-1.677366809
256G,5.270134604
257F,751.7585779
257L,6.922901814
257I,15.39691261
257M,4.762777446
257V,11.74424614
257S,5.807487023
257T,11.0887967
257A,3.817522148
257Y,7.626579524
257H,5.906629529
257Q,7.436328611
257N,10.66229548
257K,11.9540103
257D,12.60659034
257E,9.890575878
257C,9.052616704
257W,40.73074914
257R,12.82384956
257G,8.175623016
258F,4.541647292
258L,3.097502334
258I,3.727127553
258M,3.255773916
258V,1.434804114
258P,25.98927976
258T,-0.720394406
258A,1.225378386
258Y,2.775199077
258H,7.349532251
258Q,-0.016961994
258N,0.622478869
258K,0.024007421
258D,3.028290988
258E,-0.292660348
258C,2.864056512
258W,6.969502287
258R,1.350926543
258G,4.316088561
259F,4.054924858
259L,-2.76868282
259I,-3.033244562
259M,-2.714287444
259V,-2.831505513
259S,-0.333745245
259P,36.21753689
259T,-1.038009295
259A,-1.631312303
259Y,2.999144014
259H,0.636479599
259Q,-2.084795255
259N,1.013493516
259K,-4.904114161
259D,3.695904505
259E,2.614632022
259C,0.107268447
259W,12.57089111
259G,2.424327317
260F,15.95536181
260L,6.349659757
260M,16.65724884
260V,2.289901301
260S,9.176070092
260P,160.0586818
260T,6.000570892
260A,9.280960904
260Y,11.70251101
260H,24.78905288
260Q,12.49085481
260N,8.288641168
260K,20.71801249
260D,9.260265913
260E,11.43139489
260C,7.957948233
260W,35.98435532
260R,23.3322831
260G,13.70683697
261F,4.584217483
261L,12.42731417
261I,5.521300201
261M,18.49415547
261S,7.072044165
261P,71.48920482
261T,3.55231402
261A,6.957830474
261Y,6.54212476
261H,26.71582667
261Q,28.00262889
261N,10.42012686
261K,16.59972079
261D,10.4983234
261E,19.21848217
261C,5.686721362
261W,20.10964738
261R,26.7751658
261G,12.20680915
262F,21.06222302
262L,2.726875143
262I,-1.029990064
262M,10.5002847
262S,3.772028606
262P,20.12638133
262T,2.280971329
262A,3.609288414
262Y,33.9335147
262H,13.54092596
262Q,8.025606353
262N,5.060152483
262K,29.84843673
262D,5.931075542
262E,8.233081248
262C,2.918034193
262W,42.40244263
262R,59.14444003
262G,9.047428186
263F,13.70844828
263L,9.754766901
263M,10.25451916
263V,3.33779422
263S,8.607424946
263P,28.28055997
263T,6.37467393
263A,9.34053849
263Y,15.25115652
263H,12.18872092
263Q,8.990593747
263N,9.673914376
263K,22.67674482
263D,11.65707919
263E,9.273619903
263C,8.159489676
263W,21.45425338
263R,12.02478429
263G,14.35073982
264F,-0.774589487
264L,-0.355584322
264I,6.799314981
264M,1.515792855
264V,2.415784581
264S,4.746195658
264P,15.41577431
264T,4.709739288
264A,4.566173088
264H,1.588512688
264Q,3.559887402
264N,4.852765392
264K,5.521495684
264D,6.962889105
264E,5.793185021
264C,5.187262204
264W,4.862771024
264R,7.898972388
264G,8.793721737
265F,-1.621565198
265L,-6.647654275
265I,-8.698826778
265M,-9.44045381
265V,-8.00334538
265S,-5.926908052
265P,8.654099761
265A,-6.436086242
265Y,0.969592057
265H,-0.397187458
265Q,-4.618334553
265N,-1.810279906
265K,-0.282374342
265D,1.067889071
265E,-4.949026413
265C,-6.546762593
265W,22.0702223
265R,4.098831655
265G,-2.287229328
266F,-0.863930368
266L,1.194877884
266I,-2.122721593
266M,-0.643168382
266V,-2.064967568
266S,-1.683156703
266P,35.04580288
266A,-2.416344672
266Y,2.487008052
266H,-3.976326356
266Q,-2.645770251
266N,0.13001787
266K,5.503911451
266D,-0.710411177
266E,-1.953010601
266C,-0.550146392
266W,-2.453895419
266R,4.760504471
266G,1.235932253
267F,10.23512516
267L,7.557430651
267I,21.59967309
267M,9.478737103
267V,23.00078603
267S,6.733397957
267P,115.8781976
267T,13.22518769
267A,8.549016974
267Y,5.35764422
267H,6.038703239
267Q,10.70864875
267N,6.342830211
267K,9.451832504
267D,5.650540961
267E,8.794435312
267C,12.02819551
267W,5.577383382
267R,11.41184769
268F,34.93509374
268L,20.93010596
268I,11.58423522
268M,14.80123134
268V,6.434878202
268P,11.88943899
268T,-2.058235613
268A,-1.358483013
268Y,27.84172773
268H,32.945764
268Q,6.767146737
268N,4.377527133
268K,24.99293217
268D,5.197218033
268E,7.541657482
268C,4.675748779
268W,68.70934124
268R,23.85159834
268G,4.199482454
269F,1.224053244
269L,0.154675444
269I,1.717526457
269M,1.775862429
269V,1.562277939
269S,-0.821785697
269P,0.745456925
269T,-0.370866223
269A,1.051187301
269Y,0.709099922
269H,0.209640569
269N,-0.773744877
269K,-0.651869024
269D,-0.139976042
269E,-0.764640646
269C,2.69921779
269W,2.672313743
269R,0.444119107
269G,1.119074691
270F,5.167321418
270L,2.368719704
270I,12.31626327
270M,3.154879892
270V,7.401273729
270S,0.962104281
270P,21.61755151
270T,-0.762145097
270Y,4.302714518
270H,3.582723535
270Q,2.91165649
270N,2.543861127
270K,0.531711973
270D,6.737863697
270E,6.947337257
270C,1.496346597
270W,6.616593628
270R,0.585330991
270G,1.297008476
271F,0.153902942
271L,-1.860564418
271I,2.233715467
271M,0.196639744
271V,0.713460689
271S,-5.352270213
271P,0.211173744
271A,-2.608919883
271Y,-0.185441196
271H,-4.934218646
271Q,-1.459187711
271N,-2.012257164
271K,-2.077392463
271D,-3.539910275
271E,-2.080587525
271C,0.452126971
271W,0.09360845
271R,-3.272935362
271G,-1.244446196
272F,1.819930358
272L,-1.676545925
272I,0.739492161
272V,0.391790263
272S,-0.445670132
272P,-2.118094767
272T,-0.504076071
272A,-0.419803975
272Y,0.638480126
272H,0.889977476
272Q,0.148237384
272N,-0.365225801
272K,-0.349154478
272D,-1.714145162
272E,-1.677354302
272C,2.515184782
272W,4.548326608
272R,0.990838244
272G,1.496299704
273F,3.850892653
273L,1.41033708
273I,4.095520012
273M,2.466849123
273V,3.943298913
273S,1.127182893
273P,14.609793
273T,3.174527014
273A,0.522351488
273Y,3.144886934
273H,2.34524413
273Q,1.088562102
273N,0.928963747
273K,0.397532283
273E,-0.462062073
273C,4.055361773
273W,3.68300206
273R,1.796863713
273G,2.51768355
274F,4.365309332
274L,1.707510139
274I,1.262541731
274M,2.946145799
274V,1.848230194
274S,3.481493126
274P,18.22448878
274T,2.713237123
274A,2.023585928
274Y,3.780170661
274H,3.431356537
274Q,0.88236083
274N,3.37971807
274K,2.612192298
274D,1.808655337
274C,5.093285602
274W,4.126940311
274R,3.152993997
274G,4.845778903
275F,5.473275893
275L,-4.12816975
275I,-0.45720162
275M,-3.250268451
275V,0.468234463
275S,2.262096924
275P,21.65936956
275T,1.572117132
275A,0.455513873
275Y,8.233302306
275H,3.517363423
275Q,-0.342208454
275N,0.804600413
275K,1.243202281
275D,4.894239211
275E,3.051478139
275C,1.234309388
275W,1.536235776
275G,4.116613153
276F,11.64972869
276L,3.526651415
276I,1.294737482
276M,3.318261734
276V,2.010696958
276S,1.13500717
276P,28.39982589
276T,1.562652471
276A,1.463608689
276Y,3.80766065
276H,3.677933597
276Q,2.500088848
276K,3.869011112
276D,1.156782852
276E,2.67066317
276C,1.478071371
276W,6.73633631
276R,2.492073588
276G,3.681968834
277F,-9.42511168
277L,-10.66647438
277I,-11.0196781
277M,-8.588306341
277V,-10.02979681
277S,-11.15373725
277P,18.88803782
277T,-11.83032814
277A,-11.19881257
277Y,-9.154704729
277H,-10.41988605
277Q,-10.20948138
277N,-10.89302382
277K,-11.507806
277D,-9.83046918
277E,-10.71222008
277C,-8.745983336
277W,-9.7095717
277G,-8.966837404
278F,6.164112493
278L,2.158101031
278I,1.603759888
278M,1.101103507
278V,5.584895
278S,2.394767597
278P,23.0742437
278T,3.159944139
278A,1.103763397
278Y,5.643625956
278H,2.616432921
278N,2.620405624
278K,3.471877445
278D,3.621932989
278E,1.238393472
278C,1.932975262
278W,3.044779142
278R,5.667352695
278G,5.344863538
279F,5.375613075
279L,4.18483958
279M,5.265129559
279V,2.030433148
279S,7.329773105
279P,21.90645324
279T,3.594253041
279A,6.675224151
279Y,5.505539912
279H,5.191322119
279Q,8.911041157
279N,6.817164236
279K,13.10465007
279D,7.243560742
279E,10.03257287
279C,7.625771539
279W,27.57687694
279R,9.27712308
279G,10.59129322
280F,5.584763243
280L,7.122737225
280I,6.221842357
280M,3.926615098
280V,3.700237975
280S,1.85494422
280P,23.38341369
280T,3.343484635
280Y,5.236364752
280H,6.127752856
280Q,4.274611295
280N,5.682942563
280K,3.769018187
280D,8.346528856
280E,5.603032979
280C,5.394781216
280W,7.558373362
280R,5.91615252
280G,3.117207158
281F,0.881763197
281L,-0.892581658
281I,0.915492879
281M,1.223665332
281V,1.5865788
281S,0.528038171
281P,25.29759324
281T,1.202108718
281A,-0.303781389
281Y,0.009427752
281H,0.637878479
281Q,-1.032179119
281N,0.713945347
281K,0.56346166
281D,0.471562905
281C,1.790314354
281W,1.764639412
281R,1.901495332
281G,1.948910925
282F,10.37503287
282L,4.319859996
282M,4.761028155
282V,2.733235374
282S,8.251248845
282P,30.4536098
282T,5.145456047
282A,7.404535326
282Y,20.47087847
282H,10.64155811
282Q,5.267752812
282N,7.39247998
282K,13.22366515
282D,8.568489376
282E,7.550436838
282C,7.404204711
282W,26.49679342
282R,14.01761699
282G,11.13804271
283F,17.36387647
283L,17.96897944
283I,26.56290504
283M,18.38863103
283V,16.51743646
283S,11.28703783
283P,37.72313154
283T,12.72123323
283A,2.750107896
283Y,19.62891116
283H,8.374539632
283Q,11.85970378
283N,8.115671025
283K,26.77344049
283D,10.65919303
283E,8.945337099
283C,4.356934889
283W,43.44266556
283R,18.44843812
284F,2.980050922
284L,1.644593118
284I,1.079493371
284M,1.905000772
284V,1.004747491
284S,1.433116661
284P,22.29598625
284T,1.968488201
284Y,2.4082778
284H,1.900435493
284Q,1.150448588
284N,2.405754602
284K,-1.607051407
284D,3.083104172
284E,1.685359649
284C,1.898637592
284W,3.251401142
284R,0.177406683
284G,2.903354128
285F,-0.705503047
285L,0.775618519
285I,-2.403982753
285M,-1.581175552
285V,-2.844873748
285P,22.19598225
285T,-3.505555475
285A,-2.947359627
285Y,-0.374848729
285H,-1.914975579
285Q,-1.085291493
285N,-0.758617595
285K,0.616481887
285D,3.367049156
285E,-1.132483459
285C,-0.233945419
285W,0.108168017
285R,1.69293311
285G,0.696676913
286F,6.429343443
286I,5.582894044
286M,2.854205573
286V,4.307490908
286S,2.65119779
286P,22.47741234
286T,2.233974116
286A,2.010428125
286Y,21.44892028
286H,6.69093287
286Q,6.076577454
286N,7.185007331
286K,12.27120667
286D,10.21804354
286E,7.736217327
286C,4.159504678
286W,16.01996306
286R,16.79817969
286G,5.220997006
287F,2.133415471
287L,2.522174801
287M,8.217099712
287V,1.853399016
287S,6.125298746
287P,31.18628116
287T,4.857779461
287A,5.768911287
287Y,5.196704186
287H,3.001376832
287Q,8.688168586
287N,3.366110142
287K,10.88244682
287D,6.110009632
287E,9.180754123
287C,4.951957195
287W,10.79684912
287R,9.254934463
287G,9.043375356
288F,2.07025749
288L,1.078385946
288I,0.456029377
288M,3.002547865
288V,1.605296458
288S,-0.051539059
288P,24.77504078
288T,-0.346425057
288A,-0.120081959
288Y,3.01834871
288H,1.63284698
288Q,0.896898907
288N,0.200409833
288D,1.324004389
288E,0.288679815
288C,2.430511681
288W,1.39099873
288R,1.019082728
288G,2.346068637
289F,-2.313510378
289L,0.995509569
289I,5.47855085
289M,1.085301294
289V,2.101974591
289S,1.669170102
289P,23.17056173
289T,0.149870243
289A,1.672953576
289Y,-2.740503402
289Q,1.187728533
289N,-0.454925257
289K,0.319090081
289D,1.55322462
289E,1.785856763
289C,1.714379224
289W,-0.39885585
289R,0.986778448
289G,2.636441584
290F,5.527112749
290L,6.745993415
290I,7.935211796
290M,6.206662509
290V,8.165260274
290S,6.81354412
290P,11.06347859
290T,6.210639493
290A,6.645162237
290Y,6.127365625
290H,6.502374044
290Q,9.83861376
290N,7.318491853
290K,13.0452746
290D,7.180378333
290E,10.21548776
290C,8.133417837
290R,8.791724683
290G,7.549552002
