,ddg_bind
68A,0.1
68C,0.1
68D,0.1
68E,0
68F,0.1
68G,0.1
68H,0.1
68I,0.1
68K,0.1
68L,0.1
68N,0.1
68P,0
68Q,0
68R,0
68S,0.1
68T,0.1
68V,0.1
68W,0.1
68Y,0
69A,0.2
69C,0.1
69D,0.1
69E,0
69F,0.1
69G,0.2
69H,0.1
69I,0.3
69K,0
69L,0
69N,0.1
69P,0.2
69Q,0.1
69R,0.1
69S,-0.1
69T,0.1
69V,0.2
69W,0
69Y,0.5
70A,0.1
70C,0.9
70D,1.2
70E,1.2
70F,1.7
70G,-0.1
70H,1.1
70I,0.8
70K,0.9
70L,1.2
70M,1.6
70N,0.8
70P,0.9
70Q,1
70R,1.7
70T,0.6
70V,0.5
70W,2.3
70Y,1.8
71A,0
71C,0
71D,0
71E,-0.1
71F,0.1
71G,0
71H,-0.1
71I,0
71K,0.1
71L,0.1
71M,0.1
71N,0
71P,0
71Q,0
71R,0.1
71S,-0.1
71V,0.2
71W,0.2
71Y,0.4
72A,0.1
72C,0
72D,0
72E,0
72G,0
72H,0
72I,0.2
72K,0
72L,0
72M,0
72N,0.1
72P,0.1
72Q,0
72R,0
72S,0
72T,0
72V,-0.1
72W,0.4
72Y,0
235A,0
235C,0.5
235D,0.3
235E,0.3
235F,1.1
235G,0.4
235H,0.8
235I,1.1
235K,0.5
235L,0.1
235N,0.2
235P,0
235Q,0.3
235R,1.1
235T,0.2
235V,0.4
235W,0.9
235Y,0.9
236A,0.1
236C,0
236D,-0.1
236E,0
236F,0.3
236I,0
236K,0.3
236L,0.2
236M,0.3
236N,-0.1
236P,0.6
236Q,0.1
236R,0.3
236S,0.1
236T,0
236V,0.5
236W,0.3
236Y,0.4
237C,0.1
237D,1
237E,0.2
237F,1.8
237G,0.1
237H,1.8
237I,-0.3
237K,0
237L,0.5
237N,0.6
237P,0.8
237Q,0.2
237R,1
237S,-0.1
237T,-0.2
237V,-0.2
237W,2
237Y,1.5
130A,0.4
130C,0.6
130D,0.9
130G,0.3
130H,0.1
130I,1.1
130K,1.7
130L,1.6
130N,1
130Q,1.4
130R,1.7
130T,0.1
130V,0.3
130W,0.5
130Y,0.5
234A,0.3
234C,0.3
234D,0.3
234E,0.3
234F,0.1
234G,0.3
234H,0.2
234I,0.4
234L,0.3
234M,0.3
234N,0.4
234P,0.2
234Q,0.4
234R,-0.1
234S,0.3
234T,0.5
234V,0.3
234W,0.3
234Y,0.2
73E,0.1
73H,0.1
73I,0.1
73N,0
73P,0.4
73R,0.3
73S,0.1
73T,0.1
73Y,0.3
74A,0
74C,0
74D,0
74E,0
74F,0
74I,0
74K,0
74L,-0.1
74N,0
74P,0
74Q,0
74S,0
74T,0
74Y,-0.1
